rainfall_mm,water_level,elevation_risk,drainage_capacity,historical_floods,population_exposure,risk_level,risk_score
141.57252825451377,60.977858572868016,61.66228443922597,34.38102214781294,6,71.3635053081687,MEDIUM,65.54057949435456
84.6093347578489,59.58178916413626,80.26572953118823,21.052124576521756,5,28.108404831328553,MEDIUM,66.33535658744029
155.96164638493502,84.56922323549072,76.54196099394842,52.60277635076948,1,44.57872028840436,HIGH,70.30289674171664
128.55256494009188,73.947949456841,89.79144200553328,28.704107240511664,2,23.18850753042988,MEDIUM,67.76055420782525
26.01014914090042,12.391998849756252,81.54840634251863,89.52182282284217,5,59.74759396652228,LOW,34.34015171165467
175.8557997782485,14.451322343141412,28.490372892547224,10.340268807636223,0,75.64154004569257,MEDIUM,60.41089850022736
139.39374933836,64.14026072104141,57.80835346319731,22.171722708165333,3,41.91900184507282,MEDIUM,67.9175341209118
143.63093189708215,53.7572868060048,33.2541361138901,30.950447512091277,5,24.707491978623665,MEDIUM,63.75980171804933
31.779317554842798,33.41661898086923,36.32961105739273,26.91132048542158,5,30.3855023738058,MEDIUM,39.43556445776586
86.56560944224641,47.67904785833215,93.53471507684965,29.191167109275376,9,83.63016266730153,MEDIUM,64.72824139274952
73.03566411953881,78.21192868595745,69.78011098137199,65.76404643020017,11,34.088386155386715,MEDIUM,63.4071666538121
167.55004810426232,84.3950336192137,97.58608925885505,37.83852665661769,8,79.72323337101044,HIGH,83.04758693940423
119.45707041371297,60.510076110103974,44.606690988280725,62.27707246178673,0,39.80794661255899,MEDIUM,49.56968686455
149.8694742560411,44.68325327713927,56.05656946862777,85.67192435993475,4,26.98592989086663,MEDIUM,58.346203319502436
85.3804138006463,34.36270853455963,51.27596489206006,61.21732506968467,8,75.4577703664688,MEDIUM,55.2866971777439
48.630582703412074,56.972662369232815,15.192270464754056,69.03528725934243,7,52.169052652768606,LOW,37.722182154957416
104.27941379269191,38.32746567079429,27.486689480027316,41.06778034881537,5,12.814952614732576,MEDIUM,41.14157560358014
20.848933537709804,60.76856233425006,55.12545425742581,23.577769747930276,5,96.39481774099588,MEDIUM,57.72789638939377
150.69729923873896,70.89871442586738,11.400558987635593,37.24964530824202,4,23.297810056489666,MEDIUM,60.72600294174258
117.38294785075102,15.947128982745536,93.48888328434448,91.96402513984918,6,41.80662788077822,MEDIUM,46.76063822786736
138.87491581451354,10.09607185204725,16.765149784620228,62.85396767851665,2,44.63151714961366,LOW,35.27553562651812
70.26941458207762,29.104942495666865,23.808170909606176,33.58844515189129,6,54.0486909332572,MEDIUM,42.23418210069629
175.01866414713356,90.5060347946903,77.70551627417048,48.327797708778824,2,80.68996201007536,HIGH,77.25973128590613
161.8305906247736,68.16616869057032,14.208781469984803,81.01860818163452,8,10.54812517076141,MEDIUM,49.48205094162394
142.32519450253952,25.476431674332055,90.5264194634639,66.81770350999075,10,93.92248462024672,MEDIUM,62.336958725742235
43.08858033483449,90.12375656412569,73.94159221864088,57.655491461979295,6,68.13905141827101,MEDIUM,58.37824665398217
89.34257063359581,52.2960346258606,11.518981425341597,85.23884451387649,4,95.5583991234042,MEDIUM,39.11457941927679
17.44664018382889,52.84825810107946,70.72547082213703,67.15736363842717,11,83.56505836748372,MEDIUM,50.93762414801739
36.229213651483136,94.19877494583896,65.00471150627519,64.63202711724311,7,93.50543962748952,MEDIUM,63.63496908484812
126.11832205121729,15.353802296500602,76.94819611029227,26.13029166291529,5,64.09004958421102,MEDIUM,60.19708936173535
136.6095665043289,29.366044716584668,83.6787959864869,19.043038056054662,0,42.15780845894574,MEDIUM,56.16605017431036
174.4766545138157,62.71941926392502,73.24330350144973,92.03707994987892,0,49.86226568022433,MEDIUM,62.61243753666474
65.39031088348582,27.59378586238037,60.68674805074233,60.90296145852998,2,69.22290793457016,MEDIUM,39.9333719082711
72.9781500259277,71.15743082880621,35.63401526526888,45.333089777446474,2,48.423867378970264,MEDIUM,42.212741119963496
89.82448791688735,29.268306040304818,71.24099787384327,60.06676977736849,8,75.85055051210102,MEDIUM,53.343650459835416
42.21013104432857,18.92412735389329,95.91230053992405,15.254016691095806,6,18.266321447202664,MEDIUM,46.159840831496076
32.08665590703018,28.628664367675576,60.81456915024305,79.88081828184907,11,84.69879840863999,MEDIUM,51.99654183328753
90.86983745840874,48.0460630844856,68.11276250125411,28.414870522968556,6,28.376977567780376,MEDIUM,61.550166628223636
48.5745893386503,25.85244692557719,46.52716400898107,78.3864105370255,10,94.95528485722502,MEDIUM,42.47066092762202
123.86837909602676,22.12228224310126,76.83147692559207,55.422167677406904,6,23.999121994354113,MEDIUM,50.70209917087819
84.31582620829623,87.42536975970468,99.77840227217041,33.50862116083674,4,21.624777649215805,MEDIUM,66.32214150287803
151.55529332983235,38.835748323757706,20.23698578643493,12.567845600575989,8,83.06884995286535,MEDIUM,56.629687821548735
129.04506734038233,42.46828178664283,24.22850155285742,79.34583520276149,5,83.68316449327129,LOW,38.48810752052889
63.10232903494698,14.974336855110487,56.246587073117,24.99911202489107,3,76.48834778931226,LOW,37.964801854472974
151.48416623718418,42.163266115184875,50.73066273985753,14.403434829389242,5,96.44774175142342,MEDIUM,65.88636551264382
146.80994077445632,33.832645958942166,59.29912952813829,74.24960712019987,7,34.34856658168744,MEDIUM,40.97443179333088
75.87132443512965,64.94365606076096,9.662034533805938,39.753673901703195,4,84.39838650912588,MEDIUM,45.498879007629114
59.015777668141496,28.485126790516603,43.40626335139265,43.09339047529025,8,41.68364770390788,MEDIUM,39.45366799205059
126.02423567574583,89.95289077565565,60.38293489622828,31.000744918861113,11,58.36587630124066,HIGH,73.01847911165983
33.75792221358267,93.66999588275996,60.593178373971455,83.03017068923626,4,50.10400267311959,MEDIUM,44.25763742186053
43.98439442076842,18.984795145911118,67.4467263679955,35.273009719055224,3,10.526502040624651,LOW,33.62620370476645
11.251585857670937,19.66626606597195,73.42052275525306,27.866368428837028,4,61.701597418524194,MEDIUM,46.11523268813811
143.77714417536353,20.379379429988916,65.94698431738138,36.28622673857327,10,77.27552989875576,MEDIUM,63.566573162431204
123.02464562064546,65.76123306792809,80.07309976199633,27.26771388922874,2,25.709714521774412,MEDIUM,59.931473460306194
129.87811436647695,20.977206778866062,64.3522602950362,37.00069376844263,11,93.84902757037337,MEDIUM,59.60178609109642
142.72393527373455,86.71440861372396,56.06322794103443,17.049578943794707,4,57.73595854766534,HIGH,72.47335295626809
88.01568184151779,77.88443634441032,62.588660744342036,23.47505247515396,10,26.042140283598417,MEDIUM,59.84189940605413
106.68600331199194,83.78279724142217,14.613369841566573,45.44949508867257,9,68.13528138251968,MEDIUM,55.61999118949968
33.765489681701766,57.34544741974188,30.9498713689244,84.75468272513949,9,27.273043766380958,MEDIUM,40.02687909314036
29.470112501115484,99.70094903672381,55.102979162522466,14.869713471394297,10,15.718001346580277,MEDIUM,57.608261531737796
123.62850350438018,13.975759264974513,87.93378546316218,28.077350074602606,2,71.6783718177318,MEDIUM,49.20936614766771
90.08635504433254,46.1138467767502,69.50989784735934,87.20938242103568,7,19.962539497494504,MEDIUM,44.25746552516823
106.0901381018021,39.154300204387255,13.58876745483027,85.65124730359334,1,19.55957035387918,LOW,32.993580051187664
140.04980576072435,95.3780948841377,61.26612029221842,67.753320830155,3,76.5949206863632,MEDIUM,58.0781150330131
117.90211440010043,61.91748626478336,26.0651088255244,30.440252098095225,0,14.968200988726405,MEDIUM,49.45839009261173
104.10849811185929,82.55718689002528,74.73157317992867,45.68389768974179,8,82.87922611431591,HIGH,73.20677061193504
105.0652173267203,25.330707429266695,83.60688098833099,27.95378452722703,7,81.65338827830449,MEDIUM,60.45203954664154
61.671516670644074,98.0770729510395,61.37834589604747,20.930023275642277,8,22.72540852699894,HIGH,74.54206894908943
15.2390318765497,54.87755921886836,61.17944792641242,42.29986353368078,2,56.6542582549272,MEDIUM,47.147199494325015
84.2419561695016,54.43048686435812,37.16618710502733,58.94483643097976,3,18.696294187204813,MEDIUM,49.499704908093044
46.47939437931996,97.3796255691164,47.39375201032439,40.59427741450844,8,66.93140978073885,HIGH,73.09300727987173
79.44986943318814,44.26591250954306,87.09029361245781,61.920086789607424,9,15.663701167349192,MEDIUM,54.055069036280976
155.07852245558823,45.77725220994937,73.71543144187987,35.18165250724097,10,95.00327706904726,HIGH,71.95377592222178
49.769712597107926,62.6277432524443,54.376597671105095,39.39729485966717,0,28.695766183262347,MEDIUM,48.68344391432498
19.91146608714122,21.524734949300825,39.98207669359524,77.20725528979182,4,71.46051903537806,LOW,23.99920109752688
57.835261643739415,38.89770637706694,9.786075137412663,84.65675212597793,0,21.546228193939903,LOW,24.68253737564724
59.91093882033621,27.38874902006175,18.585703126006585,37.372896930139426,9,28.863680349409883,LOW,33.89833328196584
122.52580750357215,19.295513119634464,23.337393006240212,58.57884311434848,1,50.585468399503355,MEDIUM,40.267544314588456
104.69546589801732,87.9530145697918,40.4714366095741,33.643794130842785,9,61.57865272073646,MEDIUM,62.45174310130737
143.2626955480903,63.039804951472846,94.69364647224609,14.533444545131339,1,99.89769163525146,HIGH,71.29882737659831
122.93330185565588,42.28055123751201,52.98957251158112,72.71786041563468,0,12.333360528184972,MEDIUM,44.907642330860135
79.085766444812,46.78024396300415,27.30981550962695,24.53529607507278,10,10.028297767967826,MEDIUM,46.78222235120276
148.3834653932259,48.836710331861916,15.046263058843836,46.18556451848796,5,41.533038524345315,MEDIUM,42.50277989510353
38.385396384309665,66.98342639302385,37.13902483728158,51.39886693722833,5,42.95407310221779,LOW,35.713965894861246
13.861052432756281,93.40924523400939,82.4944103773504,25.680084655224004,7,89.54535124887684,MEDIUM,56.61572359822551
25.308136331859096,93.95016576912843,41.41756537399825,18.037204806388683,3,92.13242929275718,MEDIUM,51.98035439572921
132.80108960139654,45.234278157759704,78.38805157212929,39.581106247041,8,89.24724787233869,MEDIUM,67.98307404217715
88.51912914273585,39.633621363799264,81.2569727320535,90.94430214177706,5,22.8860875437443,MEDIUM,43.89521657899547
37.41620243571231,50.59418501667295,15.527973121376894,62.28652514901582,3,47.08943516629661,LOW,37.873159966902584
95.1776117675718,61.11408073856433,62.82267649954446,42.41986941424671,4,77.12966460655208,MEDIUM,61.420660033324175
35.89305746123863,51.563612030477344,96.11412602025553,13.30741976580827,0,38.13499610058173,MEDIUM,55.93424909647652
128.37446376321512,69.2878068835031,43.20311711583762,61.023228918241955,3,69.69142256594961,MEDIUM,60.34419815954493
85.84656684758522,59.89591210417873,9.839688455287117,17.84189947950667,7,31.342857687198283,MEDIUM,50.79310111640732
74.77360843640201,38.86439920246685,92.71375557449846,56.11624603903974,1,39.107733216472724,MEDIUM,52.07978662717317
61.25705515513901,41.11577251863693,88.94829674938588,73.91579320309815,1,87.43866844136355,MEDIUM,50.13152607101237
117.14804083021104,44.073350880375784,54.60343748485517,46.00475460505684,7,32.54581324800956,MEDIUM,55.11714166967073
71.50814379407637,18.51757914244498,57.46404643268092,35.449977059404574,5,96.78916781963767,MEDIUM,52.30969356765197
24.90048628373717,24.94563691725758,25.115404763731867,14.027659874495882,1,37.56336048431622,LOW,19.688315647047713
30.061003360487604,75.08024219308476,82.84782177674055,12.106119388735728,8,12.117529884094962,MEDIUM,55.44830328778378
173.52260297341746,45.0187040369872,52.36700364725201,46.552258419869304,9,32.94108134223134,MEDIUM,61.319759870760514
164.4587174202932,29.30850753041293,8.218390538542868,85.08434800975226,0,25.408444801908317,MEDIUM,43.49347127181422
128.95021274782744,60.640516951737155,69.88642086265479,30.74533619742118,2,55.614426959579475,HIGH,70.40469717139933
55.19789344811833,77.99855882260846,95.29714563125708,58.79471799145481,4,20.1444459695074,MEDIUM,46.64703763841417
174.75998414911305,33.16801261108343,83.76929658284628,68.16599467277976,8,66.34439895208686,HIGH,70.69925020099514
142.3876536741851,84.411089373137,31.33382332000128,15.170538737615722,0,88.74091635008452,MEDIUM,62.28909330546913
131.87133215702926,93.47543736625447,10.065883068667361,23.013531943287052,9,42.62669936233621,MEDIUM,60.78199506636164
86.39145536444407,63.765507616645664,94.33338419112715,38.1585274406632,3,25.1643447374864,MEDIUM,56.72979135626435
56.281065513677035,70.20528930924216,94.02095886357164,66.9579198026285,1,46.00224962059717,MEDIUM,49.07938267976452
26.38646356609488,14.731839129074984,55.57945537272259,47.317984539388235,10,80.73701393055643,LOW,30.29630603304328
163.4424074124531,95.09679019197158,66.02015410879584,72.40658079855085,1,63.2338906671636,HIGH,72.24349817700265
87.48196927171388,45.32362608384494,48.94700576752679,83.74581857372137,1,19.10288919948428,MEDIUM,40.477301788985606
44.40177201518915,93.15103604908869,44.87770987438207,74.46164351087614,11,58.346843889433,MEDIUM,58.48588425801782
62.01262610561093,62.10797722752183,16.347601413226535,94.34101262162618,6,52.12768433100339,LOW,34.3528805269691
108.46732672012232,10.415691895899485,14.191525344304122,74.12069084219021,5,39.440103041904536,LOW,31.575983504154895
40.05137309966939,13.468779939109215,27.10955393423781,82.4352315756333,8,19.914453644799096,LOW,23.297146327508482
155.62442829570384,71.23769251029299,84.48087090862171,80.75114046952508,7,98.30007420582474,HIGH,78.72049405265926
138.9483200719857,60.64012124487398,18.8540685698896,72.07258979380396,7,25.843898790393006,LOW,36.05026958292207
132.30870251165925,12.387919348546692,26.53637193189752,78.15315441575069,0,27.34686017116709,LOW,28.087627085216905
83.45581676176764,76.91139651001468,57.11833563560972,89.44807436872986,6,23.102442289201228,MEDIUM,48.44936304156469
116.64250291941535,86.69308033622636,25.43746571743607,50.39262717473487,3,61.31737348290443,MEDIUM,52.654358392855926
109.29665471516505,54.677573419537744,20.504635048189776,64.2543970325662,9,49.93026170344304,MEDIUM,47.766748794578824
120.4739222643194,51.918169632152946,58.51504296130641,53.76987633368568,6,32.460146382390036,MEDIUM,53.776291436847124
24.355534593781144,10.492579795116473,39.96886074467847,82.3381439113262,1,48.648104471937536,LOW,16.767474311641976
80.68725836900364,80.79847412442393,64.48513215484456,46.66556624407812,10,70.61696659555462,MEDIUM,63.792206457003566
17.074409556521722,39.76444600714949,91.65950733882424,79.6767755473023,3,35.35304783487672,LOW,38.388500237488344
93.97843927156822,89.08872578042856,19.34434748633143,77.9451388798568,3,92.37211984273424,MEDIUM,51.20125807514204
66.0764060965735,43.57545288022477,91.77619768224108,91.7603186163302,11,37.571161345993524,MEDIUM,44.8809173562571
34.56911210722797,60.8570119567635,90.73654690517728,31.158259436880595,9,27.836112774056794,MEDIUM,53.33021023885773
27.578504512833778,34.33076093793947,83.76332041691077,70.31765834030254,10,95.9111062185533,MEDIUM,45.17314527459023
109.89957727021105,24.452948132642682,64.97216214407808,74.33815730003633,7,82.95045491063614,MEDIUM,39.70071963158446
39.00080465127064,79.74171130431952,63.913932459227006,89.58367188839658,10,40.882386235911895,MEDIUM,49.923417370449364
167.27042012405553,54.69314309616534,65.72520269396765,87.08670553472014,1,85.72886660294884,MEDIUM,56.615978185797864
108.78039374906714,58.28391313770257,70.59707736569224,58.749698245218106,7,56.693282423842,MEDIUM,64.29342264069085
68.9678667709223,96.88743581335619,6.565809056634917,59.22802079843828,3,41.207724843495654,MEDIUM,50.39297045598088
110.45563355184085,96.72219209999383,96.01879502026172,24.2197544143595,4,85.56504305852928,HIGH,83.59894168716623
13.876658075048574,87.00779095321631,60.63235733923008,92.87182970602055,2,77.69485601779964,LOW,37.16903371705765
172.9550662510457,26.88483634885302,79.23925474323006,31.676484329791283,2,36.808735837879524,MEDIUM,58.69561128544689
91.99158428029304,63.48454248714219,40.8417747108295,71.60257856835983,5,64.60106637321763,MEDIUM,43.03727085252835
143.06498863254865,89.03326821899837,6.177735322000616,77.64257540845156,11,43.24512011678175,MEDIUM,55.550677833828985
24.064099986814554,43.701754280404394,53.42479268826217,47.50331789196739,7,10.094677530434932,MEDIUM,43.217257527174866
92.73191624248726,19.099554934202647,53.18306133501325,27.95146620246993,4,96.56341672602514,MEDIUM,56.55092428549184
93.42018904026855,82.98666120159297,46.513982389587916,26.061632658673375,5,59.466616846555304,MEDIUM,56.382065820420316
169.43049734574709,53.358719622595444,37.27312014539729,82.8021600766353,6,63.858934149920486,MEDIUM,54.286934508920055
107.19376890393282,60.79534123232607,28.733478341923593,53.41430137362376,2,63.990228310956546,MEDIUM,49.40054219668952
90.49319817968215,98.392986668606,55.11676307723236,17.66164347325267,6,59.55773147374625,HIGH,71.85769225768918
55.385862725621905,64.64902874446649,40.65142327088194,70.94665518484554,8,36.104306029623416,LOW,35.04552598674648
66.36672954823388,48.24814470994912,97.14352888973183,31.264539488427516,2,97.44185124172506,MEDIUM,49.67136493896021
98.51430842016143,43.2985931062478,21.428094237858488,84.49355381382473,7,65.95015712637564,MEDIUM,43.9021309635703
84.61494825185794,47.58573633886411,35.36822892457326,36.3136018125479,8,70.38292244985652,MEDIUM,41.65619094515101
13.674053579656173,20.655917486080188,32.926244737834246,27.023020557662164,6,50.93134815853448,LOW,30.000124099284413
150.46962711304081,81.52755025758147,56.61437174241591,17.21296770216942,3,35.90752604417043,HIGH,70.93961740411878
162.34733121276034,85.3945172368337,52.43162441254405,53.48014661420004,6,15.791408395743641,MEDIUM,68.8746079601826
33.84234512976383,35.595742111606796,66.15534421530594,48.312694964554424,9,41.52071769110976,MEDIUM,41.443178115056135
104.1861444016384,37.34169565689497,95.25016820454975,73.86153229126714,2,25.84876863415529,MEDIUM,45.957978549422826
28.457875993025404,88.69008307013318,32.096003121917406,49.491219911408095,6,69.58794414313107,MEDIUM,53.447857310201485
124.28081581676798,12.15733199751599,70.81329907922466,39.22435735857154,8,89.11034963224475,MEDIUM,56.6238769829404
57.809743252631414,56.841169939050495,7.378819285492444,32.24066782880024,3,37.247937242108705,LOW,36.648610075339484
122.1018478976233,51.730814321335096,29.92690490969433,33.64247336494754,4,39.95943628726419,MEDIUM,52.705525865195746
133.58908442877004,72.11140926206139,49.053374159676316,88.86707165536419,10,70.33280534461105,MEDIUM,61.90515958803731
140.67007362600168,24.705253013450903,7.944504905707774,24.031681177464048,4,23.434429081711272,MEDIUM,53.83548329424245
28.315960812502414,70.14976667156384,63.6785987525957,93.99499608735776,7,93.64936840099293,MEDIUM,49.02444669640839
165.72201367339335,43.90606070873888,69.43950779816228,37.788153691339105,1,42.746210292293476,MEDIUM,67.0581816551053
49.13637845212974,65.68433003526778,75.93951290961444,17.513170010487286,11,19.10795013340972,MEDIUM,54.94868650300471
16.360134549950562,13.608550888549832,54.07457796008617,31.138682366968524,7,25.721560442857736,LOW,29.629378170349142
104.32491979655217,51.55544774660584,62.37474317296953,14.96522226214259,9,93.94714684067122,MEDIUM,64.46199503505535
73.0567882566146,57.00258045841349,42.62619887145629,77.15253037893285,7,32.2407359532118,MEDIUM,42.2130126216321
151.06425633251024,29.289376256948795,8.919038088123441,53.566997565993965,4,69.60419234481577,MEDIUM,42.03318626289194
147.40275025093132,22.566128876120864,14.495426298578739,38.64386260367808,4,24.05487011844386,MEDIUM,50.80891935678029
63.91361177986161,26.962687271107125,67.2246127991391,66.27421639368282,8,27.469152311389994,MEDIUM,44.42740071666752
171.99289716185663,40.97269702570132,99.57775346064875,63.60495470577722,10,89.13143970099797,HIGH,70.06654916772224
59.45603248382017,18.71291343744743,6.501307720513137,89.88912758434518,1,23.322989809230563,LOW,21.995641150196136
97.55971196939147,95.2587816156644,57.97043219850636,91.70714392361226,10,11.687552806265124,MEDIUM,57.76694502949494
53.51406539649247,46.449465534623556,76.345831523843,67.85812093155945,9,55.110987057364866,MEDIUM,51.00552875714119
169.12740690832376,82.80726422560741,83.54360866131847,79.51435381575432,1,87.64541319366413,MEDIUM,63.672371972472334
37.983328988943086,97.6975410797962,56.79446561615081,77.35613352849018,1,39.33919408740623,MEDIUM,45.91751457998821
17.63480529669593,17.26617520024652,63.89201811748998,51.760800279491484,8,21.534604358113945,LOW,31.668668491099247
83.96650020051645,68.65025211414945,71.18886980108257,69.87895448284044,10,98.4007746609074,MEDIUM,63.624063647131095
178.7038458894923,88.42681780670925,86.6017937208759,16.652015653103465,4,70.9064766540472,HIGH,81.30124261902452
161.58513526333536,67.08109905700555,16.61750603426777,74.43179206777609,7,86.56215687533408,MEDIUM,46.84974488467176
137.26336330768135,48.612350922167145,92.98730864611203,91.75580561135125,11,77.69244450960313,MEDIUM,57.07986301794269
161.43472344934924,48.79687218741444,7.47165333739915,17.222854015687766,3,72.8418046590271,MEDIUM,58.376338899897455
161.88592874863676,13.230899740662302,84.43897634098866,81.06984169030764,2,44.610766041782824,MEDIUM,49.35129153576267
98.20592126569635,58.11406761603478,12.29034052317124,89.30330226518805,11,39.19059938832754,MEDIUM,51.82465311266492
63.70793881123481,99.41886971081627,23.489680102467617,29.226055633175278,3,74.52627363050267,MEDIUM,60.36892225820677
141.24211345886798,96.28367733747407,5.369943906207598,54.60895094678232,5,74.50417073595071,MEDIUM,63.08031361507361
122.48241473851938,13.635930595794687,47.29938702592386,88.86794916435402,5,95.5529545644184,MEDIUM,41.945988232157376
73.5218139085307,73.52173032665394,36.76412653815227,91.61921038445227,6,61.179383606349006,MEDIUM,51.047158851891474
26.059333570457596,37.15883800272377,20.769326591267596,20.870002669946892,3,36.51589952089061,LOW,31.15322106454495
136.9542339293344,91.26902380655231,47.8535652763711,39.6653591722133,8,54.05759193974297,HIGH,69.62702576751326
54.618287706886996,14.060327113835069,43.22523390135746,69.34229449782282,8,65.23424350533273,LOW,28.634877452125803
169.25823559074246,94.22866918099726,77.92779810638045,28.832472447804076,2,48.40568196192212,HIGH,85.10147287299651
50.964997750966404,85.37281694089992,89.84737907665308,37.60550343393086,5,81.20198110235934,MEDIUM,65.13864050723565
30.868848509952624,20.575394402734137,66.99388891787277,11.979740100398928,0,62.61518909942539,LOW,36.04803833590654
151.28915426123405,15.384190358556928,16.81898692901977,23.049342879151908,2,10.84921548648855,MEDIUM,43.17155929746408
36.05833382616399,85.12368978942423,33.062125497435815,57.79800702550823,11,61.28558994088076,MEDIUM,53.516365821424266
40.47561238681564,24.018190387712146,91.76523819906659,65.51265563585554,6,67.02434073476749,MEDIUM,40.38465536023417
111.8950745585434,58.14083376782835,13.42977683574947,65.15750564314614,7,92.37351263896636,MEDIUM,48.4272275857761
158.67554694236895,92.41703720908386,43.65130474212852,76.16064001614842,10,47.23495062977697,MEDIUM,64.8781919869103
43.39389317147745,61.0703302194391,94.53793882718072,45.29892016779728,8,61.702089334422254,MEDIUM,57.619219492375436
62.755024393016114,45.75099713255417,95.31315993960115,33.24671088049821,9,52.749770564293655,MEDIUM,55.21134504063749
142.15882250100017,50.0514449368593,44.06430181964478,11.324359503614623,8,57.849078562199686,MEDIUM,62.767546324425254
175.21049243036444,15.680545363348392,68.40270436938576,27.563535214452884,5,16.05736636020968,MEDIUM,50.67359113705411
95.1260016543982,97.18770892254389,48.390831843629904,36.55296403717317,7,90.75553007797913,MEDIUM,68.77519828336962
34.46257543371263,37.95887665729745,76.57875124645247,25.14758280083957,3,91.93711058484631,MEDIUM,47.33694408350749
12.369168910394261,27.042714250556845,8.00022641583486,11.712280077211192,10,59.32536488583694,LOW,33.82657942770194
49.0415250998054,35.744257165635574,18.694929147529052,23.383046736541285,2,60.0899964148851,LOW,38.67658067610549
32.40977702370857,96.7935875402331,63.348886336641925,66.61846205324365,10,15.180043234955907,MEDIUM,56.15781276310093
125.20197451418576,18.485744813920633,27.09246493209104,63.514760400170644,10,63.81554618077811,MEDIUM,48.85390282654654
30.71152578685029,88.05727364510632,68.27496843056912,89.5331093488336,1,48.623661089124624,MEDIUM,46.539946790677256
96.07608837550761,73.7059504961303,38.36617810882334,77.8443047687713,8,73.81392672109936,MEDIUM,52.55649669260971
128.02461405929068,84.70172612431253,89.23132802214303,58.25926993150125,11,14.241242493601515,MEDIUM,66.97229398758967
108.7898235675534,97.83077863311067,82.82964162819871,21.692289536922964,6,73.97989144565408,HIGH,71.25695763705494
43.9618607822098,85.79391899651847,51.81959100653431,57.946104608638336,4,35.82044414490825,MEDIUM,45.62903635169336
146.70116945098465,94.90441161500675,78.42503327401148,15.235580177705366,10,68.65347974077972,HIGH,84.09878633842025
131.61921203468629,21.424173111182782,30.758099192333585,46.62521627992248,6,66.44133777809107,MEDIUM,43.94406276296928
135.6272806656421,81.6209708650273,51.954678797126945,43.17198346051161,1,30.415733616900926,MEDIUM,61.734777121567554
32.27981776474326,59.1108124672943,23.760794927011425,46.36417379585004,2,49.640711069464004,LOW,32.48044199185202
31.03814662055858,58.91460355718746,86.78418600949442,33.785203063556914,8,85.2069933147992,MEDIUM,47.70914350721282
167.6856336711063,90.90294186884623,83.19142357399942,68.29558804802502,5,64.50324792352964,HIGH,78.85253797357308
77.5882929502399,97.46234367820402,90.70421849885511,81.48027972039625,2,16.18644717805703,MEDIUM,53.735836197389084
61.16127760275976,73.43544907388628,88.36031321630465,75.3239443709131,9,49.86179481887467,MEDIUM,51.4226482435387
93.05928770976067,53.46445505246055,96.161644895652,63.358928142224826,1,38.059431290012526,MEDIUM,46.81562706350807
122.68691616980901,51.07634721116608,26.691942005032967,55.759307943306126,2,67.74811110204695,MEDIUM,51.389707773288265
172.45595369798488,44.77073115008636,93.52330762555498,12.642155300682582,5,65.31075471657347,HIGH,81.43479248219795
58.69585856994935,42.543912661539636,59.26525317843978,71.4493898888133,0,10.935829135912648,LOW,32.35039210305983
167.2174329830446,45.23561575159883,45.13703297222445,56.32354986417228,4,64.69259584766166,MEDIUM,57.36593364381144
14.226113535663574,18.077791172607576,58.23552011694794,33.012989306430384,10,76.1364688586443,MEDIUM,44.80471312798782
104.3836671955602,16.96924767343944,37.5472238817764,37.86657330254254,11,79.18570291614179,MEDIUM,40.46472713520443
117.77576898578447,80.18828594850805,32.41253566129045,89.52657684992802,10,15.307819335096504,MEDIUM,62.3008256728504
28.00255863762806,50.14656036282035,27.924862107865234,63.0707908349643,3,37.329257539888204,MEDIUM,44.32051740483635
33.85773150086515,93.76160396901584,12.830658998427047,50.4525569458899,0,47.91462044963715,LOW,28.801039034660235
81.24943428377165,65.09989077345571,52.173665228982806,62.778347875214656,9,26.179453701542062,MEDIUM,50.37247876407216
174.2594250643409,13.165838396597778,89.3373591928193,45.168097623780845,4,47.866048404850886,MEDIUM,55.398670589553646
111.32723404984338,24.17710071857315,64.86443708106654,49.96549322225638,8,16.40165822430331,MEDIUM,46.44879844128335
168.61394767203592,28.52378137117068,54.49268511179849,34.67628682015199,1,20.189555470634645,MEDIUM,51.78356697649931
146.74135565420502,97.81624219506945,45.71632723383707,47.38753055028978,8,70.18252865590776,HIGH,77.20460248446844
89.45487226439955,29.683380353647138,49.11815450013324,68.27533975722238,7,33.631521504413946,MEDIUM,40.56826513911728
143.40978637287188,56.418010865924614,24.881348019335338,13.395063632349883,11,74.02652627316152,MEDIUM,62.15469553851609
13.032253276087914,94.25592384761765,83.17890833334424,77.57732962017316,1,14.329767521500118,MEDIUM,43.36719380933602
28.55447945017494,97.94734569229216,23.846381511745165,34.05326097321159,4,60.64327477391526,MEDIUM,53.228957460156586
151.00286453006518,31.272439184519012,73.07916188909473,68.01758244176247,11,45.23037972281563,MEDIUM,52.31154925954487
145.4589050152775,14.420587937503612,77.1985760921345,64.63165174780511,4,81.72742527239187,MEDIUM,44.408382875368346
49.54892613429373,23.824164928398265,59.61255899263475,65.47338417701096,7,80.55564221850057,MEDIUM,49.52548017106675
100.23083040183909,15.699563083230228,86.9780056207087,61.690957881743245,1,43.80036782117573,MEDIUM,39.96400566313643
113.02268951900186,27.561181698310275,32.649783482811756,91.52365623591047,8,66.04426126789429,MEDIUM,40.35398851209932
157.5156221419219,61.171274323336185,88.753636018072,53.20925382910822,3,30.47939819375393,MEDIUM,63.05663787872899
112.52821674758336,92.12039166660776,74.2939936619339,72.24712481880488,6,62.23661525623782,MEDIUM,67.95619718459982
80.13716677652566,58.349699532490604,80.88123363736727,69.96319315493909,10,17.31382245527702,MEDIUM,61.270608455334056
73.61128737922107,66.33906010291727,68.13507240509485,30.08274406865808,7,49.114385570674905,MEDIUM,61.21031738740944
82.39995468349667,28.1680526448587,85.4025866140471,34.080996330880176,5,26.44549133842982,MEDIUM,41.47060771175365
120.82827434859561,82.05252586064651,99.34439195817541,46.04145334334227,2,89.50430638823704,MEDIUM,64.73890350517391
157.47340739789524,65.60100176550249,44.91547117984067,33.60432408937278,4,50.04107361701486,MEDIUM,62.50617376492805
87.16246995297095,87.77231462734524,82.32198995240918,41.17316340904658,10,63.16963737737814,MEDIUM,67.98033305591055
52.13272570173088,95.39587963052057,75.73507715421319,43.23165218390601,2,42.434367429700934,MEDIUM,48.98775313811534
50.23260170958879,41.3110698180933,48.022665742641706,61.328487679759235,7,35.98669317158226,MEDIUM,43.37603292228829
136.8224276413859,18.15211526818954,93.06015497458864,28.690653632480238,5,28.262780475538023,MEDIUM,51.5232661599616
148.81668978206477,30.33360621251042,42.4704633093965,78.36480859951843,3,92.06844244003176,MEDIUM,56.99479297984913
27.897273575201243,49.40574091082535,58.71926204624257,47.190590325577894,8,81.95192041842574,MEDIUM,55.37326369212887
21.31500568238029,95.1124286642026,15.064523914141347,70.03074949307597,4,21.993502998792778,LOW,37.365641169187356
111.0537228385968,44.04788401360737,26.448643436295292,16.92261090546952,3,77.20523886626185,MEDIUM,55.56547694551535
34.849451512758705,79.3695892298833,84.86613620070726,49.94705850057119,6,47.667769933298786,MEDIUM,48.310552950649296
150.192912377578,58.64290229536795,42.6725086687405,12.398660235072906,9,11.385698946451287,MEDIUM,68.06271572797718
62.75689456709265,26.452789338787888,42.43798849444953,67.45234930432301,10,57.553058833859986,LOW,36.80438304638473
34.45822860509425,38.86607070581064,28.368196728108924,39.21535654475092,7,21.704179607637947,LOW,30.11653082389001
166.56498032286655,68.78726965205368,51.70298175825817,90.68648919899543,7,28.89408817842352,MEDIUM,57.47572205060106
38.14039286499729,70.55680552164041,81.55261132830913,37.55055824112065,9,72.64368652816836,MEDIUM,55.8833436843365
58.402413997449045,49.12837721281416,90.04059118850526,57.923501331506785,3,33.142783342707645,MEDIUM,45.20681643233849
36.11427718264997,30.578104239590317,11.660871044197469,31.877943934042246,3,90.26993816576349,MEDIUM,39.796930542262785
29.633310823110346,74.97161015614087,59.60796946781097,62.70957346052393,5,69.1452782581753,MEDIUM,43.630060154476396
13.595162777194805,25.19857374514433,49.39096994977178,49.69859976132494,7,84.90551364197282,MEDIUM,44.42391983991067
19.41721955792422,94.30027226786139,63.356775794799944,41.503402227978796,7,65.36705844971657,MEDIUM,49.25492394986259
39.68905005909495,26.911322113282903,47.49119025628557,27.31359467181529,1,88.19646319198142,MEDIUM,47.709138418618366
19.074928546619816,19.65811265492684,42.871257981074436,19.4793142375737,9,42.55162075199352,LOW,31.84005499531082
110.4944487388651,54.78829321288409,49.82866768080149,20.189726386317226,4,59.422651919702176,MEDIUM,58.42888387872803
125.72146955591609,56.759463829872466,60.28991723185934,94.91840148797202,10,56.43013603999002,MEDIUM,52.23762589235327
76.9171776614448,55.73736233004203,52.593405048018795,45.04641178286495,8,91.34116372701735,MEDIUM,53.601419227957294
64.0584864818484,49.30007404049555,49.85372284696139,10.164025169233854,11,24.842386774775218,MEDIUM,57.61165356793065
95.76946029377912,99.53334035466474,82.69435444601767,90.99894720321122,7,62.02546868680232,HIGH,71.047857439337
158.75084017988345,53.765255140352366,75.83655916759649,11.698293559534076,6,77.89880748042823,HIGH,79.70059043257305
154.69237655977503,53.01519226658479,37.43095694721332,45.57982067213536,2,43.30447844802943,MEDIUM,53.927246302091376
17.390760542174633,47.95894564431052,81.05482616395544,70.98559480750575,4,88.08233721543787,MEDIUM,42.84395726536023
40.85472963140909,16.01431792313166,86.09681355542752,87.74093577159974,10,43.57132903699607,LOW,32.11071299219127
50.246628087747325,63.366096803465446,19.581759510548096,70.59533477172859,4,25.59778839063245,LOW,30.97308454728337
52.39588789147601,30.51709950008642,60.35483386442208,49.408189166501,0,62.564351986452856,LOW,32.513764840683265
107.10955079627136,67.38480822061449,32.1046393919253,92.82757331364878,2,47.85112090335812,MEDIUM,42.170521717799915
80.76461236954269,14.575011575362943,75.22137058303865,13.342147557827985,7,11.367109421380409,MEDIUM,48.48318400875765
18.37320038769098,98.32483911277015,27.684606289074907,93.88583721573069,7,16.28547332441529,LOW,29.155421621943617
73.51440353812717,52.2104571111405,68.78333479643803,82.1982818952173,11,27.5749462185931,MEDIUM,47.24094379061647
99.03800128199833,90.70798344316286,29.23684232547522,88.95905145574052,11,79.2396963566337,MEDIUM,65.22977725685968
27.284223493631714,52.80050559096413,53.5586575258446,31.655656048290616,6,90.28355644303736,MEDIUM,53.62948001900804
151.68795414405514,15.429773671679957,95.12141445203825,22.108936144162932,6,59.10767866128002,MEDIUM,60.09532697905738
18.833517299067722,83.99921914844262,41.224216153361276,66.38179874667951,9,19.500891626271113,LOW,36.375325950727664
167.22311773307055,68.33653567004208,88.19515616650473,53.8480522288202,0,58.09770570176614,HIGH,70.61010619596605
26.849234068578834,80.35813428165507,98.75973521436998,54.469276663272254,7,87.00449145372505,MEDIUM,47.2432767808034
153.40774177161796,48.535287715798596,88.11083063649052,88.5926301710735,5,77.45298662103306,MEDIUM,66.14823811158843
163.4510344676949,67.41430698219804,20.75727282371757,62.70687706552729,9,36.19883473276374,MEDIUM,58.48726472621909
176.52701569972075,87.06061034169467,82.86753085584049,36.44042598389014,9,21.150154835952204,HIGH,88.52105570965702
146.3443996465109,66.79588985846988,8.05419253455332,44.00565729551946,7,91.06135297860187,MEDIUM,52.21514552691201
142.51118193112592,41.2906271352313,42.363678951434245,21.347145982807355,7,86.867987196899,MEDIUM,67.26881611691476
119.2221569192431,69.62766349295799,87.71967046519707,26.346693423433592,8,14.83438286307032,MEDIUM,67.12745551611607
142.42938027828194,70.46687697526606,70.43146021219238,22.184755967810773,6,84.13070408421078,HIGH,71.77580263403631
32.873875430235,96.45282662559624,55.610340597098414,78.87476400296514,2,18.749137400644557,LOW,37.306027225319816
101.13156611109834,43.38210893875023,41.84708238284895,69.9142447776301,3,15.695527006183331,MEDIUM,43.75889786224057
97.41788793237046,48.257359076271804,82.16820991467718,55.079326496922405,8,78.27408074316335,MEDIUM,61.98719102243498
155.7872645008348,83.09106650683533,72.40804837508098,41.821265858343516,7,58.267955973246224,HIGH,83.28848365886788
88.6758921508977,55.51860832684671,49.49850536348897,66.8220146775698,2,47.3093221681287,MEDIUM,50.56760483517999
75.46521433706009,76.29157838041597,89.78601203491768,79.09695455413969,10,91.34759763784197,MEDIUM,59.10792377550283
118.72575611030872,51.37385180082329,26.845061692770077,84.90482333209526,11,85.53732148609784,MEDIUM,46.51977063859369
55.29876397514383,29.394562763143043,21.187193370069366,56.496379397538355,7,15.186112439235094,LOW,25.033084016855838
33.760629862172664,77.06834585029097,66.06635761169025,79.69023535467457,2,65.44785177470551,MEDIUM,52.08664370652828
91.23913658403679,21.803965226623895,97.33946255666818,53.46100604007908,11,79.50406628867124,MEDIUM,51.96020205195345
80.87119266113045,27.872529717817727,28.48937446414318,50.33505758097072,2,59.54415217974569,MEDIUM,45.10151688250112
49.53688988990853,66.41424845057878,28.718685998713518,83.56170772787851,5,98.47049491685695,MEDIUM,45.095545250456794
72.47700771957176,77.25428201728629,18.25239055640804,42.84178458249644,10,71.74427541827934,MEDIUM,56.30654172618201
72.28671647046207,90.52190981810335,86.75353775099505,43.65257771845969,6,19.37287114273228,MEDIUM,60.3851266589179
65.67424595013273,34.53278476743026,26.50776633907674,35.91746434921787,2,27.84682107999581,MEDIUM,39.84322498749914
74.50889355357792,19.965183274049892,52.801960038864344,54.08964690504242,0,84.36210590795157,LOW,38.63321461141279
126.57636872751071,96.04419935703662,99.13288541020944,56.31225286360416,4,99.708100582987,HIGH,74.64605461180419
60.4690006771185,23.89807792199282,6.153385587594139,66.13919735138884,8,18.850534018515074,LOW,31.768539687914366
171.30584754160787,27.790028402917557,57.866178598525444,46.59269635931349,8,19.029638606054355,MEDIUM,56.582985265956516
165.77916332149024,36.21965082026192,53.667459056969854,28.516169810105943,2,78.7048348728955,MEDIUM,57.58403971225808
91.75477281101335,57.64522186236587,81.7075007589647,83.68157530517945,1,15.79188535448856,MEDIUM,48.78782083217813
65.8214048507971,89.45430094306703,38.751746257513815,39.41007371523122,8,16.17041044583627,MEDIUM,54.43849146100895
101.02391427110054,78.44914204568802,43.982429095408946,88.45019068641484,1,89.99348347086963,MEDIUM,53.9617262006514
154.25528309151616,73.73417984583716,20.954108156892048,27.62503330724874,0,82.04048310866058,MEDIUM,60.79842875805155
120.93984789521734,25.76625110704033,75.37744700539973,57.60488548007959,5,89.3406879877944,MEDIUM,47.86113165404601
146.74661075100317,42.19143683733768,79.54734637287409,55.61228295000344,6,68.54620619194783,HIGH,70.54852727757142
100.56278693117584,53.056443347801014,17.983015473988875,80.4350670737946,2,39.02827797449726,MEDIUM,46.54485324576871
117.59599697549552,23.268335813702727,42.37842202889057,21.80236787382053,2,91.5681871299512,MEDIUM,55.826365274600455
58.98645441101849,34.60867319140053,89.82597455945488,87.34465969798421,2,36.88511724769886,LOW,36.24223612361609
134.93183759274945,37.74998835575598,5.25719099919978,55.17139463462596,4,34.79597555093644,MEDIUM,41.639754991119446
44.40878083137212,21.454857849613532,33.38211170915007,59.819297632721145,0,89.7760377273494,LOW,37.8888020870081
128.1156818991447,59.52157227174318,57.72901707999203,53.3641349303102,0,71.27403332438871,MEDIUM,54.72889897487064
156.322241615402,73.45253768717737,36.73891666769556,13.06211708108265,4,90.61048762383184,MEDIUM,68.35248409279943
32.45748234126247,16.29384683291751,30.844292971878595,52.25270625356084,0,24.031116032857515,LOW,32.800400595160454
114.44455589212636,53.30107915868348,48.7035610658052,32.401721327544195,3,95.70671179890682,MEDIUM,58.51839606745477
26.16627719908888,80.39900757410155,22.244695270420905,39.128495332115676,6,65.14679410302944,MEDIUM,55.37715563432914
133.37165680614257,77.31911160572022,55.31439789115096,65.1736359309069,0,70.12315396840849,MEDIUM,52.375941100013165
24.36384719999844,83.35657865968787,72.13611252475646,52.304256005299,7,92.26545222938064,MEDIUM,58.305646046974545
169.10976985910642,50.34165698535463,59.65302049970771,17.923548076734136,7,44.26776772251658,HIGH,79.19209639343147
33.35934810642637,83.85013743758746,13.845386431560435,16.208508354749508,6,74.7617495226276,MEDIUM,51.71803075275509
173.00964180454366,31.667776409284254,85.21881834572946,25.78090412747648,7,67.63065590120357,MEDIUM,68.13555332534706
146.15030993446643,42.47295052757638,21.622894561311377,26.22523745863901,9,80.89774469793642,MEDIUM,54.43746924633445
110.9259407592802,25.872001877602116,77.65714005805722,61.705564342566014,0,90.72485126499765,MEDIUM,54.32884707114721
143.04609778702297,52.073608548571464,39.25368552370579,25.11422944387114,2,71.20547698870851,MEDIUM,55.91676085719644
145.1695226271246,45.28540201738989,79.36232806532972,84.9461509783555,3,16.087559905275793,MEDIUM,51.01632922780415
170.82460067894615,31.683440477288098,24.595925823507848,27.829656152140117,8,26.48263112648022,MEDIUM,50.30658579307149
53.075170152661826,77.66026383077033,22.73289985106583,17.746172861242524,10,95.85803640403756,MEDIUM,66.29400037844043
110.31290221091255,38.24620949004819,52.21745539066082,84.43841139056998,11,97.17854260395036,MEDIUM,57.835178039441246
26.15836358594821,34.552389713125216,8.128921396344246,35.1028439665223,6,97.06719823285262,LOW,35.8534764675076
114.74816900410062,21.780129776544555,26.40324718432167,46.160923535867546,4,13.311946036010617,LOW,33.45690725011677
39.1195216957741,49.49395316217538,73.78116395751309,91.51724264105759,4,44.42033511544764,MEDIUM,45.303472677658476
106.04160395031512,37.266816595357184,84.55143043901542,90.27138362841077,0,78.37054335891965,MEDIUM,44.74773706456115
107.31318738575445,43.234555720687176,12.674609574091992,70.76793558751801,5,77.75972232920478,LOW,37.638771791468926
89.21747600680865,31.239753635849738,88.79738239661991,15.85981089726715,6,17.731801445496266,MEDIUM,45.47052530315716
98.84740183723088,78.68399408379103,80.764134385052,60.43391065996879,2,64.85399983805671,MEDIUM,57.04277225345471
139.86697630111996,93.70030126192457,87.62000809216171,94.07162447859191,9,22.85826566867717,MEDIUM,59.92833377966478
145.87160180705132,54.813866750999885,71.35071268498979,90.48787941603834,9,54.3888399581014,MEDIUM,55.7592632958739
93.66604664782295,67.86985810067493,69.04454139292665,19.010211864195142,3,31.571713075700934,MEDIUM,63.27064496148387
111.93088505884408,88.04550489460354,54.88385716776206,43.657220762681334,10,14.78450545612549,MEDIUM,62.56969709057096
168.3101600673173,99.89466736002927,67.01478632667492,36.820623401741344,1,17.20174829739486,HIGH,74.8725303591211
30.354710045190878,65.21648362568489,92.31541813382749,21.026889086916974,10,91.98036547569174,MEDIUM,58.67191466776638
29.907606203018787,90.08015198858818,14.5495901345873,69.05785645614468,9,77.01813677813807,MEDIUM,46.77215259022289
24.91053202483063,91.77474219000779,34.99762539537866,33.27711097062012,2,93.86415835956554,MEDIUM,61.402517771716596
121.83675845688973,81.23063390268601,11.883222491607825,39.31359326565031,7,52.29909391001974,MEDIUM,57.30247670969192
81.16341113436451,51.48382519657992,94.75649133468366,17.680504519620527,3,47.196324905752384,MEDIUM,61.07547904026824
141.63464074411334,17.303860038150937,47.300219269941856,52.32724249618658,9,42.2566563251886,MEDIUM,42.319733773628485
124.10934026246075,11.422499989612046,69.1577247142379,23.4442684104248,1,65.4676386446881,MEDIUM,58.29078741570829
66.7184189158005,52.94805699546322,84.90640612791053,46.727686004256576,2,41.64034482742002,MEDIUM,47.63190008082313
162.72231305146107,54.488308018115596,99.14502356726642,22.184088878780628,3,77.16459105838055,HIGH,79.77000904660873
139.63046500201088,46.6626149076675,20.369333490265248,91.07724064576239,2,82.11855935942759,MEDIUM,44.58387493563199
55.990939954729875,61.135061616222806,80.95369754323173,22.32351532175712,3,88.82601340864429,MEDIUM,61.22721345049669
71.91264302124918,59.694643297398436,89.30517532298995,54.36040807730382,7,31.852083722074955,MEDIUM,57.87161553733443
63.454796634724694,85.29517369294237,9.643160800833183,26.743285152113938,7,57.43198443631378,MEDIUM,51.10501674624756
36.793980266249946,19.779139293603617,76.63860321762948,16.490753295171785,6,30.110015505685496,MEDIUM,47.955871270195736
35.123173332172584,30.26598994949909,38.69890551367228,27.196232601578345,2,13.380024107830703,LOW,29.284212095129984
169.1416687738765,81.37044810636674,66.61669518969104,14.655799128187066,2,73.70427737528539,HIGH,81.14695233600769
84.44368632378806,86.30531805012892,53.83457862369215,21.84877756528405,11,59.40831465416122,MEDIUM,65.49558266527931
75.16436987215967,99.5341792258781,29.67551394823051,51.94615340987344,3,75.15345515977754,MEDIUM,58.354964129373116
134.04657047515423,88.56208147483757,17.846029390378675,65.4043192898938,1,17.88606202658834,MEDIUM,50.42576617308254
104.00882109299299,90.09091063650979,16.10998714347479,17.423884281101593,5,99.59735611557478,MEDIUM,65.46482897716841
169.14379776253858,38.291314836691434,14.815671482306712,47.48658303186282,0,99.49137102523288,MEDIUM,48.30289369918446
142.65125396459666,46.14954706084387,65.59005381278489,59.40599694253491,4,51.84998429531614,MEDIUM,57.97697429287639
91.49282590117186,34.127659433849594,38.38403088295612,29.909182477940227,10,87.94528436654524,MEDIUM,53.535043079228934
73.98111049174045,64.5669458373444,25.580176629557883,41.62666497886216,3,31.921170022500114,MEDIUM,42.524390728646125
177.72736263713475,94.49248187863346,70.72908380706079,16.105963927356733,8,76.38095451009673,HIGH,86.19059390817081
132.01924012061937,41.01767978604559,70.25070874781434,28.71114181981307,5,89.13032711322091,MEDIUM,63.837418556315065
171.703092200653,60.13016036933052,56.22098777391478,49.6739987031099,4,83.31996394727007,MEDIUM,64.08600068988207
30.141358126897032,36.666966740813656,93.82099260225583,94.1875852086524,7,83.05966704170417,MEDIUM,40.29693773856917
154.59072546243303,25.281997639543675,41.61435198693502,94.68253034982634,7,51.672396887997856,MEDIUM,40.790898404420155
118.30256027850528,27.56669768367901,84.40698227058283,93.26784289556447,3,83.79909530008955,MEDIUM,59.651913581510684
30.72668531696914,15.215081008431694,12.13824375355865,45.96234283552784,2,72.16343317191703,LOW,31.402918484665843
110.00385999476751,95.43641707083317,75.28395393365793,16.857832165246528,11,21.920625832978395,HIGH,76.16031667799861
126.63638206792629,46.25916476568666,98.90250431403335,37.50374216619335,2,20.27659636580681,MEDIUM,65.20007612524635
12.091456601062482,85.07088028018973,85.4268305473426,30.205721906533068,11,79.47299223411758,MEDIUM,51.711726271380186
87.23405351309691,71.31965254207219,60.06814833445564,11.20075886733764,5,66.29176798956314,MEDIUM,50.58207956054982
150.3179169033746,27.272904526997685,64.54277611108026,18.094856874511912,11,56.74385054722397,MEDIUM,62.67396681346827
60.21103430849528,25.791602192117903,38.56250719650995,48.52131447917061,4,91.65356117639453,LOW,32.99227737184575
87.95317390575369,83.07893813594903,69.55109573451988,38.87130942336525,6,69.36313211840968,MEDIUM,63.237499376866175
85.19340160154184,33.82405395575836,78.18756140222607,25.330066338931058,7,45.653207057947014,MEDIUM,55.03942937357499
61.32765654522357,92.19566653317781,99.83170570619612,70.8684975059935,4,47.25386273585654,MEDIUM,63.93122660434865
166.13512223764423,22.604986422054157,51.78397711504113,40.35482565121258,2,64.47199247358265,MEDIUM,49.19995198521662
142.8199860233577,70.99377530090226,10.823886248477017,82.40876773845626,6,78.42477562177136,MEDIUM,55.98999617087461
28.800029869338786,83.30264884278405,61.6065053194436,30.48305862236497,7,60.79179762542117,MEDIUM,55.72737710509093
179.49589183238743,31.17307495740805,16.307294248306015,55.763446657363104,3,55.78847939972617,MEDIUM,52.60529303040451
159.4640041323167,34.85866271109094,28.252679137830455,25.65183345768051,9,75.42106323887637,MEDIUM,58.48522691178635
58.264434436886624,96.80669975252815,36.23409157404504,52.10055239279657,7,73.47380949163326,MEDIUM,63.86295349797271
152.2724185423595,33.813784481154244,74.44783794909901,22.959653263162828,1,84.7312156552205,MEDIUM,62.46003912832794
28.091320418135087,48.6961344910043,22.461771768457552,23.734183071579366,11,15.629660764956498,MEDIUM,49.638763189020544
179.84780418062056,48.92640339181295,20.74652995002349,62.038987048571336,0,77.9456918873781,MEDIUM,50.88569042185779
123.16640513811127,32.773127493671524,9.271603037388608,32.42181358494017,7,56.2384405856521,MEDIUM,51.84408756982293
120.52125264499549,79.82119777933815,87.95779395361868,24.651214257961023,5,16.72238080298367,MEDIUM,68.53532148765846
25.37492358730257,79.46644089062397,70.88301531382577,89.03030126148121,7,71.11090253525677,MEDIUM,45.48610979527989
162.4956778124263,44.04862128014071,8.794914233674517,13.655276312904341,9,74.48861746017485,MEDIUM,65.72951515837407
14.929915544759801,85.16132119726603,7.687769035620885,58.037589579150406,8,57.1264452590216,MEDIUM,39.881427902172874
50.940769866995,29.176744095910216,58.074058165130324,56.60242655582755,7,81.44190798847865,LOW,29.042955181473566
34.31371877832795,10.387519810091078,31.84076812223755,31.30175432426008,10,37.022329776637136,LOW,18.14429240987446
142.05054991767716,61.405062585016694,61.68900329103324,48.48559833458951,8,28.17164966782925,MEDIUM,68.72056903511667
43.69471862619264,99.46699952071407,46.287396689691704,17.457711562024016,9,41.56605565689506,MEDIUM,67.51028403648434
164.8084986122505,13.477987884419615,92.71469341947419,71.30796240353027,4,46.90454619663798,MEDIUM,63.37158381917095
121.56573668567333,28.71982663376145,32.34185642132995,28.84425761202997,2,72.6340242161952,MEDIUM,49.03084699999743
16.147660784098356,56.702317823837575,69.51881000169489,26.437755585257253,2,86.09679440904048,MEDIUM,41.24860015627129
10.923071801879079,82.89466628003835,10.135159603766922,36.76467065358776,7,74.88263710708088,MEDIUM,42.66076399429825
18.78184589244782,18.013780456754787,95.80675074794792,86.70144322236708,6,25.658880316264135,LOW,30.8874042042565
113.00728020011371,45.57111883830049,98.17195945129346,77.69966510410113,0,42.959537632023164,MEDIUM,46.02101072427926
146.2519078461006,77.23682205668977,75.21208975655918,90.4858447463694,2,24.25723421030002,MEDIUM,66.31997657774457
50.55397950665604,43.43888875657254,49.19518479853945,65.41679941281225,11,71.80517796022463,MEDIUM,56.122622745227886
154.3995032969224,26.995277842807507,25.899376736089827,66.34832843772745,8,32.335469039520476,MEDIUM,49.74848704312408
19.729429826054265,27.59462446569286,82.18905232355665,50.80263495122844,9,57.28482395666621,MEDIUM,41.40836455294618
146.16385511908496,46.904390822349484,74.95363922896712,86.94083748619292,2,81.2646858875216,MEDIUM,49.0923975642569
167.72522312928766,53.1475367325302,26.08563375829016,53.424557687977966,0,70.38453474294536,MEDIUM,63.43437208399153
141.25842784774468,87.56329760344126,47.86545294494024,40.180106017577096,3,36.85365915986195,MEDIUM,65.6390708734343
128.68053327636832,67.80271767111941,48.96589909259458,64.43187584300154,10,39.95800755547067,MEDIUM,58.195688408221244
152.4566371714151,72.13617590639512,83.50900224740737,56.42185693908189,6,68.80278579427286,HIGH,73.14657610855765
16.825720923001292,98.46884543823163,69.96524501173727,20.541684301341114,9,59.45209744059497,MEDIUM,58.87644936197316
44.30295882223942,47.065909627087635,66.10091663630524,43.38166018255651,5,18.675413872303995,MEDIUM,43.60874457143437
31.23702548195932,46.301896292421546,66.73360514351145,36.6326599430308,5,88.65924303461915,MEDIUM,40.29091764935075
95.7702683328077,93.1012270953231,30.694657541335495,81.9808708759462,7,56.135192324826576,MEDIUM,60.02797088912918
136.68198181590355,32.12880283045528,40.312569683805734,42.20161734271424,11,52.60249118777188,MEDIUM,55.251727777250714
117.10201357798778,75.683372167258,9.337917116487084,79.83219477430588,5,27.85954029690361,MEDIUM,52.56316151351734
154.69228695952896,77.91158243963211,79.75940790215176,47.603115481580375,7,43.929443707348355,HIGH,71.00208671517524
36.38620871498545,18.800919770089877,46.134830441132316,74.04754789287685,11,39.95423760835892,LOW,31.540800255573316
134.88558562897748,52.140826512422564,46.632643923319485,21.498963923451143,4,34.366211454648415,MEDIUM,52.64380971400995
42.8170534477137,28.050622418939863,28.30884516869454,88.5952686709693,10,61.06659171820958,LOW,35.140164730742214
56.028987724026045,26.68377455222371,24.895591738645745,50.847590717908055,6,51.60478242522538,LOW,30.672154783880437
130.68379853782164,51.74452994165886,60.843083309057775,32.082850878236044,10,90.02779167832006,MEDIUM,64.57711758995556
176.6348134327759,36.04867367572585,27.0925364443492,30.526616541008586,5,94.72095793424448,MEDIUM,61.87418351686792
113.96241301610183,81.64544028632838,11.099840898719119,32.53156952887261,7,29.75260863052818,MEDIUM,57.72964171872851
19.26505354852025,91.68444022514342,77.91320451818534,41.17155469802725,3,19.009488589048946,MEDIUM,42.679806445824305
114.77252488768058,82.2448544759529,40.76459626860476,70.98916027742743,7,80.68037963389745,MEDIUM,58.90822982066707
17.199593768628407,33.94277853594987,41.122380470433924,90.71625864656745,3,99.53752632747481,LOW,33.06976639051692
160.30477093235893,34.67209543197475,45.97523674400018,66.86818156050873,7,87.72400628687387,MEDIUM,55.163765324203226
130.6283084671055,32.92555151057206,82.42925822376891,56.50913303024856,9,12.132766190686125,MEDIUM,53.81981670286038
39.431733891825544,22.153428645061247,35.47950511428263,48.130813681456445,5,32.61371956358194,LOW,32.18336902692486
25.59257099011367,94.941853129334,77.01344006949442,80.3965296981974,5,13.900804933713752,MEDIUM,46.848650155553514
41.20064890965423,46.18430183413624,94.25675987405661,82.22086220791594,3,83.870143933705,MEDIUM,39.208950424323085
176.60462052421272,30.222052709128636,67.78247861285594,34.90820232678958,8,62.32662786630847,MEDIUM,65.44382340598817
87.95530921794327,86.20039454574191,46.00970271181734,91.04072113554156,7,56.23466870503485,MEDIUM,57.67423808443003
143.29376121803935,45.92757723920114,76.04002369893314,43.584805872542475,6,59.90048937968748,MEDIUM,57.70495275876824
118.18941815832207,13.160512999869992,48.50025012638162,78.00663588127986,0,32.7206132826932,LOW,33.042758868118455
107.31023549296835,24.574741322466807,44.370590755273376,92.17968963698983,1,64.14745322249766,LOW,29.481071138278416
34.67214329305845,67.5325306320553,54.901900539404906,69.81093857272695,0,12.7600280617627,MEDIUM,41.426220064033814
170.82415710487615,80.46147467545515,35.18362180688291,23.73181174835147,10,68.14105515737558,HIGH,75.22744188902757
61.22824752750205,28.984094963984163,14.903770546600114,59.82164118978412,10,76.09904471609477,LOW,33.74699364313685
108.26292668728217,92.5656030339528,44.41094052498569,20.096055463124166,0,70.57236373406445,MEDIUM,65.37833847091942
128.96191058014125,86.5897408046948,16.766403707283683,77.07707338885874,0,39.890576648099824,MEDIUM,44.5152596965136
120.36963639170251,86.35426786549728,43.99193998776744,33.91178977928005,9,84.36366236147884,MEDIUM,64.83845179010396
169.90104964823814,30.48950321192927,57.90870351527778,69.09325996010158,6,74.39895974057339,MEDIUM,49.9692533490332
35.23462828640986,14.548238978505193,93.41756221453645,87.35762230106691,3,21.546759063185007,LOW,24.281688911010704
96.41996553598015,88.06811855343253,8.441121449303841,25.385837306964653,7,27.562979848448354,MEDIUM,63.427262906070986
78.68584642593021,37.522020586471065,64.0385486176847,43.392916281099176,2,67.33975718604148,MEDIUM,43.54160553616466
90.60868401204507,65.70247430561733,48.48484273175734,65.00509698625314,2,36.04745202004236,MEDIUM,49.92193560568588
30.266979453616585,78.3970195330657,6.924807179393221,45.67098038880759,4,20.748964730161326,LOW,34.08499083310257
32.79608367837011,21.546393266000813,28.707076714178434,24.859610038100794,10,23.947209383490296,MEDIUM,39.30171768259012
57.272842782813754,80.27545190671431,16.25609897370615,12.471087204347745,9,24.905546248636057,MEDIUM,48.127424972432294
61.79978263934132,94.46603130649592,25.59544384448725,44.56084221466685,2,53.001181613654396,MEDIUM,51.621578984530906
82.7435463258295,75.55374691717681,31.084173128787228,65.18276725946323,6,64.66469080865477,MEDIUM,51.28162543129759
113.86788299622681,49.710047363250226,43.124101861308645,58.788657692961536,10,25.876204736897346,MEDIUM,63.37715508493353
117.8869499611047,88.90103248765325,55.25874238144458,23.280505379654606,11,74.12469493268989,HIGH,77.44025390421476
80.00785241954694,57.471186706530304,5.0940494230066795,48.308942728727864,9,35.291134675137556,MEDIUM,41.31336231301387
79.49312860287851,77.02938350350787,20.377589259730378,41.40503892540649,1,38.040232455456476,MEDIUM,50.95205330115632
46.99684953848354,83.84553494727437,13.888806632836067,33.30720419493899,2,30.11487589666968,MEDIUM,55.33736331514761
110.01206222953141,77.44175755291053,57.21897292996066,71.98805572813308,2,80.66855223488719,MEDIUM,49.13783253465259
63.89695492393044,35.90693884433386,36.26211268812063,36.32042255231067,1,96.38324496431893,LOW,38.716864422371174
16.130171827151827,20.605951081524797,57.09778492329822,55.91206594830748,2,54.324986381028346,LOW,28.255573028701626
81.12800750666626,31.450467642585412,26.073213706594395,88.4740004979174,3,13.782757728879298,LOW,27.0648716326352
90.60255476532896,55.25874432823179,7.301788638320562,55.838458491554505,6,33.45123847829283,MEDIUM,40.65151770695391
48.35078759471587,55.474923006378624,94.42985562067345,62.446947363647666,4,24.224526200696147,MEDIUM,40.32208164668231
107.31784863075967,62.43799143830838,15.289271512954432,16.22590882424187,5,85.84860563668161,MEDIUM,64.77831523640297
106.18122307342657,45.55916537931018,17.051581056363098,25.14140221804759,2,17.636858868988465,LOW,37.65384247044133
129.34037078876315,80.8202243305025,18.921948518463346,18.580851940339645,1,96.98286166195454,MEDIUM,63.084918704950425
120.1512419742057,92.1838375312487,98.22126977936091,75.0091006102464,11,62.966239896216344,HIGH,78.3823782298355
120.91361960857536,32.205254813152415,63.67772281614963,81.0532918779316,7,56.59658083667469,MEDIUM,48.45173444256068
63.75640581008733,76.28708959316992,62.977545411865805,25.8486999215391,2,86.26155601772682,MEDIUM,53.913135528495495
143.86347773761216,71.01746672905402,98.73632914426031,28.638098828462738,9,12.479285916231055,MEDIUM,66.80456978486163
103.3545452119455,57.07814493513835,13.401683081092203,37.472619606886546,9,79.94374744663087,MEDIUM,53.16687198704088
83.34109318058132,26.96772104867442,97.57758479151747,60.24159744107601,11,20.49436410116649,MEDIUM,46.40458684750076
116.4221217599797,81.57090327244386,24.381248922633887,62.85267647300166,1,85.67002890463888,MEDIUM,56.247040111601734
71.31174685654322,96.45636570659494,64.19179283839337,68.3740864760239,7,57.625859731407566,MEDIUM,52.4111661796677
97.1656715831489,74.96526990102521,44.90793870376521,86.94138427814433,11,15.50164621240826,MEDIUM,55.22946063559209
135.23996704197745,92.60739969631607,41.475422280331934,35.07841194220575,9,84.9920534921192,HIGH,73.83847852966767
160.68849074303031,98.57667384531997,93.46811620554894,65.99451408257593,2,12.458270536412648,HIGH,72.42239536046894
166.57972354018258,41.68456068153144,19.176634201824363,57.57644189110383,10,22.453362360424315,MEDIUM,60.932449017826244
95.61759728112686,67.44011976337032,99.72155605224314,35.99616543506821,5,81.8042071443966,MEDIUM,65.08742444478533
98.44676950589674,52.65394638742702,41.01688080369711,87.13029086046224,5,51.838401147210185,MEDIUM,40.40367836510288
145.9779698298522,98.79658721769071,66.63361586941267,18.116090016533487,6,89.32498339193504,HIGH,78.76582694498161
63.456617596514214,18.442704160695243,96.95113949091922,70.52008728072437,9,67.18863455119751,MEDIUM,44.77059494976163
152.35500159866166,47.11374228675022,10.472099786002605,71.86926560692118,1,66.11758789333672,MEDIUM,46.30938850431679
94.00407990796198,88.79851400745126,92.6721144778931,87.80275485364673,6,36.30115955188134,MEDIUM,55.829942109078175
29.695643136995628,35.56461794738639,58.94208160866261,54.07935034986505,9,22.03124711965602,LOW,27.770611463210734
22.25005500240043,80.90135655749854,71.91770350285796,37.3378987486359,6,96.50551518070144,MEDIUM,54.011412360471155
153.13884587670873,44.45048465022301,19.172497469203094,80.35795693810174,3,19.43179202290556,MEDIUM,45.64744622230518
19.446545874169242,98.19806859011425,55.67180592894806,75.51887395575338,0,57.610954006621085,MEDIUM,45.581135996162246
57.703944142721504,89.51768527813368,68.98380289889815,52.52682722565498,6,34.53117317513022,MEDIUM,62.428395251800104
66.80210688526279,37.118832189635384,48.34349420182977,75.26787692887395,8,33.77265972233093,MEDIUM,48.80470167480995
39.409055682570944,79.31738021840697,19.72359192007539,32.769426176567165,6,63.51275973725318,MEDIUM,52.531059562221294
63.36187286633817,40.31708894499418,28.191312133129777,60.10803808429477,11,81.8140705460982,MEDIUM,51.26793920307519
136.25773634326458,64.57265561939816,86.16731514438236,83.54059365696942,7,79.94615345481508,MEDIUM,67.89833019869276
12.49608340521203,69.26326915539627,8.274744319112465,37.028682892403566,6,88.19215202741981,MEDIUM,50.1944680697348
150.6194821685167,84.66358681771345,72.34189745187717,51.10174850661317,0,36.36124641211304,HIGH,75.3204107453735
155.6131640076749,12.20057567938134,99.94205346888005,90.8388126046956,6,51.91762435435664,MEDIUM,56.757872861509256
73.2844674425632,29.81421020370697,5.710884630142829,77.84800656759762,2,10.840111589802246,LOW,28.636726149958893
36.114192840307915,74.07260295297209,20.29933986789429,85.39831672809699,8,77.21718608227289,MEDIUM,40.00399072688511
112.14286935066374,60.71709132725836,69.04370858484778,42.74600017568794,1,37.210880092805475,MEDIUM,55.64518724915128
30.344334497032037,54.60445703810288,10.699129285608084,94.7029470689375,10,60.53441799431678,LOW,30.582387038208516
72.03629138330292,14.96889610371824,61.030048466306596,22.968076398124104,3,25.237025381750563,MEDIUM,43.76280334934952
172.9329607531653,41.34482951153106,69.98000983830033,54.09549957338626,5,83.74595564208957,MEDIUM,61.24894273114757
179.2289603392183,87.85902087195835,60.87390307083667,50.738237495181195,1,83.554499735045,HIGH,72.86630135754794
141.25783153027956,12.780355333242897,39.69254678700138,77.86673621801144,2,88.970762327766,LOW,30.951038147554165
62.863456686530256,45.67926118283309,71.2418181187307,87.23251066377601,11,14.134329739605054,MEDIUM,51.37035217784485
126.90305835823573,95.06334589036953,61.45797066131295,72.14684703718507,3,99.32128387975123,MEDIUM,65.93440480363672
129.91908213228214,14.579266109051316,24.725531348922374,63.279380071075735,6,32.30014729957251,MEDIUM,41.8259770222093
75.93308817782045,77.47351759401731,58.497876640585424,46.33148122212282,11,37.84903174426145,MEDIUM,66.35515523856269
118.9510678796471,33.18513545638328,88.78118562819812,53.377702951437406,7,32.44021562714015,MEDIUM,56.56685237836837
11.823699645864961,87.99479489383052,68.34916214059274,53.29052662410986,0,34.07794285298792,MEDIUM,52.12958929168083
45.53980196238105,77.14611810634285,49.820193202415474,11.731320263172101,4,59.7395220493282,MEDIUM,49.4488588610779
99.2650115044344,89.71346537725266,35.55048977259786,52.758893410352606,4,31.58294898734016,MEDIUM,67.74495902157996
37.8377217239103,29.43323113881394,13.159189896569421,82.75751801480061,3,45.43941802603643,LOW,28.968937978899785
38.20416753901072,57.81634793367444,28.239577612107727,70.2882909470911,2,69.00459241988938,LOW,37.35663117003057
152.17172939354046,80.13429492173206,6.0627415432533045,77.63523288062541,6,85.24235832199541,MEDIUM,65.35251985437141
178.15261045621293,32.11297686954829,98.72946216487162,43.19122413032428,4,72.34673502401915,MEDIUM,62.24848490998792
104.51480276483623,30.767167474049526,26.135813952230297,54.96272513760143,3,63.48905603085909,MEDIUM,40.392756582199695
152.64185424989128,12.446392014782653,82.4132145551104,12.84610336475354,4,23.295570628696183,MEDIUM,64.89017823061072
178.35468293546634,96.26637645779071,21.021263771472967,42.5548250843942,4,83.45040413871543,MEDIUM,63.38182483798931
34.071301056691695,73.9015192049161,31.942109212529523,50.32536381587474,2,13.354739919373483,MEDIUM,41.84875562487479
86.20175425323968,67.20043186091664,44.73634532669484,31.692756465921942,5,33.77724969117719,MEDIUM,56.51373942879206
76.73736169312637,76.95952504254917,35.81853809345249,12.655483214205233,11,15.135302523876508,MEDIUM,68.84686091464008
23.608378219851453,57.845162682589546,80.84332721218681,68.68468924621092,6,70.06860780260163,LOW,37.63864100377819
138.40612937510656,52.852043898136934,95.9808737614652,46.98245882215167,7,43.1533974334163,HIGH,73.98077051758852
83.74243464484081,50.457901701116874,88.15297594683061,45.33264641453991,11,68.68436348843801,MEDIUM,58.05782204383571
89.78557881236821,67.63952908932771,19.589897360036872,31.248874092423257,7,41.23278633732313,MEDIUM,50.24252509109858
35.61440554825083,28.138147785314487,78.78542425318258,55.715583914831456,2,51.01666577195448,LOW,31.372516892993154
40.75753087924758,89.92528255133827,19.054956763947587,47.232276408012176,4,51.216490914956275,MEDIUM,41.41130487919992
164.20761576655656,83.05771340973386,91.77120512339962,50.28868020747273,5,14.102258830079014,HIGH,74.51190048097452
17.590345125627408,41.46072503068305,54.19846468851495,59.37406461709247,5,48.72038737114032,LOW,29.844941787060254
49.58488844043006,62.07483671312719,36.95620336538714,10.537595015377505,1,67.69579268036824,MEDIUM,52.96717152970855
59.65008615346982,22.692456995501317,19.917422246748316,87.15415180076592,1,59.144702146789044,LOW,21.94616304681401
93.33358220826969,97.51116231402382,6.121863377005438,16.042428740331907,4,16.775538965045854,MEDIUM,50.73407820624127
109.6956794125153,91.26034188672551,28.55496420778405,48.328603521859534,10,70.1250387118074,MEDIUM,61.74327912511839
93.85929589461333,92.97077558492803,91.83190601172463,27.62669439534742,8,37.79764794237349,HIGH,73.63510326654911
24.299606874669944,39.89467429331064,80.73990826586162,54.521501396439405,10,11.299132250111988,MEDIUM,39.99738564065624
51.4234671894713,25.222123664457015,97.13040223631835,33.819559247756715,2,24.00360013758207,MEDIUM,43.5734578087087
153.410025409632,29.05949471196793,14.572344506530438,83.10055233532132,4,54.78036915849035,MEDIUM,45.84199774535655
118.39007908133804,18.100125194058087,61.2569806330386,43.69058588680572,6,37.93614931270618,MEDIUM,53.541165523213735
120.35533852282664,20.80995670912459,29.42929503292378,64.29422224031717,5,72.49447123781957,MEDIUM,41.25981609193395
123.93455340973034,16.417408076636086,56.5794620483787,31.15477689256971,5,31.6588128009188,MEDIUM,43.40741293507405
139.69351323671995,99.08407622843862,35.44321412852824,11.649522791991489,4,79.55165516276517,HIGH,74.943308130764
19.878441892646045,16.665191503216622,31.929227273118965,44.353135527128465,0,35.7829463254582,LOW,26.376122475616558
72.3234254385441,21.928787285627227,59.515303692336765,55.601351612454664,10,65.87773368259741,LOW,37.590201801384254
101.71966399448537,84.45291360316628,22.41522537760633,49.06150785724877,11,81.92947422260622,MEDIUM,57.5424225893255
67.53760216054542,62.22161950686488,49.5676765123511,91.7712209246031,0,44.7000515779374,LOW,34.913547741258
153.56140845882172,79.69754841123992,66.82716517918331,70.08132977691241,4,14.212444763392341,MEDIUM,61.20248334013276
92.03732645983997,66.78208069953895,17.177296952366383,94.63193305315859,6,58.19009689529928,LOW,38.95841560122399
140.66669020809445,89.39575632960532,93.40645573330589,35.08010767668762,9,99.58681553900503,HIGH,86.28330717127933
154.84263786979875,67.46207749882666,53.043846448141856,77.06952876660746,11,97.20926797392222,MEDIUM,59.332214648177015
95.81455209359467,56.991258361283585,82.85515732901251,57.22246974146218,4,29.89199745497514,MEDIUM,45.88066039546071
164.6238814581295,74.14747243851697,67.12101590900102,61.99963012812245,8,78.01268584818271,HIGH,69.95477619691987
109.81106989128669,50.26534766128985,72.45008941614182,93.79752203759786,11,41.04566486380594,MEDIUM,51.36113068132103
154.5466308017327,41.14574406142612,73.03243939431961,65.58891197884495,9,24.424523216478235,MEDIUM,51.34013751512013
67.90043525055913,52.08872072051912,88.1344902208399,86.39943584863802,3,69.93232305422438,MEDIUM,44.045695798366076
94.79888295035249,25.27426945887046,63.29251632945779,71.688769951136,9,55.07818565740921,MEDIUM,43.59603499329927
100.3398769707782,81.69145568224222,31.430629413532014,20.827820346603755,4,58.53075018901096,MEDIUM,58.55293186356262
27.846551702332,33.46334032023502,14.453416072218431,69.45101537739657,0,84.46533960119577,LOW,27.25983653112217
77.7539261392619,23.817839170334274,62.59380884776344,51.16682503826597,9,40.28893082986808,MEDIUM,41.36108616726409
165.94740433378493,32.17170176049041,11.3035163582052,88.0978294034991,10,70.03852836000968,MEDIUM,56.30687643845213
117.24148086200621,85.78631365950157,27.92287791050537,78.58092801118869,4,42.95723202663628,MEDIUM,55.471780955532424
40.176119014284474,39.71811660379582,10.767182537181613,18.851448446614143,5,13.845150692238626,LOW,31.067842243088243
67.60545805363284,71.74448825553102,57.144320955623876,21.38282971055247,4,44.0213596602714,MEDIUM,56.45971227746534
42.572511642658974,87.07686675901654,20.232121869572463,15.916935152881475,1,95.50310168837211,MEDIUM,53.772514705587994
14.219932405757332,16.99702002325379,62.98869534617996,51.92581435329248,11,53.493623387957534,MEDIUM,41.838736402397885
167.66827794568454,78.85219646602387,80.13218743201043,16.865599532625005,0,19.740739315318137,HIGH,69.56329187290402
86.19524580366816,37.6898919741127,83.07866847332693,71.512658608849,6,71.90441464386032,MEDIUM,53.79136810250656
62.28096231153364,29.49601277656384,34.406633273074604,56.95047942328678,0,96.70414147466691,LOW,37.0547358537228
111.74112256481523,72.00113072076749,57.15068060597712,81.0502264920171,8,91.71507218898314,MEDIUM,67.06589541384358
11.243457569812659,91.88169604599105,58.486022208204105,33.78264203706188,10,61.47647540273248,MEDIUM,62.64872543643473
57.26375812213835,36.55172878411558,49.92428230464583,54.12696665369696,7,43.86526699136781,MEDIUM,42.21585096744056
129.51568916881172,61.19504248458871,67.23581968535265,19.98577330239627,7,62.260990165831636,MEDIUM,66.62225419259485
117.74086142177471,36.08507024645424,24.958276763235688,85.19185022527384,9,83.43379559793246,MEDIUM,48.25275821718554
176.90701108223104,59.885702715378514,98.02810776074546,24.875421794636257,11,87.51136078166088,HIGH,82.64389915598713
115.46081064186748,65.96758275889064,14.317583573638581,18.700791364784425,10,83.6959496448197,HIGH,70.87358220756337
91.17599851671457,64.93018499111618,83.77600841429633,27.42930087447058,2,50.992874059756396,MEDIUM,60.72953288065727
139.4435357412813,66.11917326784713,61.439118760362845,78.52967654145343,6,20.6972190613207,MEDIUM,54.33939879552096
163.56573823388902,22.157181299577168,28.26120098340301,18.994234853198037,9,61.22560840648987,MEDIUM,56.156843882960004
132.51831094211977,72.41864226280475,75.83912506272848,62.2263370612441,3,24.07859452300287,MEDIUM,54.021562923103346
173.74590800339453,70.7275320742201,13.025685089321836,73.42541055228568,8,15.486250050807039,MEDIUM,59.434842122854505
142.94087902549012,71.43293099951948,78.5696942726344,73.84189864104405,0,54.88010500859748,MEDIUM,56.34616429224813
157.3562445045275,16.66634974648357,61.04859611308628,26.155175361691146,10,68.98361050419652,MEDIUM,67.02906820046437
29.397692101218322,50.215495817273734,15.52128024765815,15.238039862097022,7,86.87325757657537,LOW,38.16069823397579
134.5102955089439,46.81316188411567,12.553028493775171,48.148542620638494,8,80.45519985588733,MEDIUM,54.59050910374294
84.81507891965266,17.804033527887924,76.32945167646393,27.21125434578642,9,87.15164614808934,MEDIUM,59.7554322771627
104.02764640991678,30.013113510712962,32.828911117864536,69.43801876618474,2,78.40618937388015,LOW,30.094561275560093
121.19740961200065,49.68663686182331,89.48367582288527,40.31888797071079,5,73.29154572155254,HIGH,73.7556214236223
174.8685698399468,76.86156788722741,77.39693699786672,48.19508498781623,10,10.912381222662967,HIGH,71.53120494789611
177.37827384337618,31.335586928619687,71.32807324818303,19.646219313645503,1,66.34920806282895,MEDIUM,65.38981466069103
58.998801732943896,84.67749191124203,31.467575000177842,58.241774356596295,9,20.84336237252059,MEDIUM,52.2600364581085
134.73809456444576,59.12184571655171,72.3497293070537,25.76955611871212,3,15.280041909928695,MEDIUM,65.29705195731151
137.49720144899567,78.43795166661558,95.07403002890923,67.71378117776965,6,24.077093689508985,MEDIUM,67.90729513664469
68.90378642321829,52.53003850031714,13.698184265204047,16.049349916570964,6,84.09629452975751,MEDIUM,54.80651756525577
31.057861726917572,54.927480288000105,35.98545099033878,92.95104034391248,8,76.94644537900193,MEDIUM,39.36045756272842
16.960983248572358,65.77474504416762,27.293865218851444,68.18479317979399,10,95.38951646846911,MEDIUM,51.54751895888266
142.14833167996036,93.51735473492418,42.358762768063336,25.447013264013727,4,98.10786327853694,HIGH,76.53440179959564
93.248956108874,54.2631323271619,75.5216022111249,11.198044864257742,2,90.3955587736584,HIGH,72.23305130826176
177.54182881413746,57.579178429746186,50.05304523541172,38.42934583744359,5,21.963344587929925,MEDIUM,68.48165593478808
89.04548755292102,64.17972671747765,59.2194075814234,22.989127444437628,7,89.05444668324823,MEDIUM,53.960871406710496
176.24588644255283,76.37636235679533,34.84471436744252,28.564963315161407,9,85.47734213097807,HIGH,88.42943448636419
79.96792037299018,16.466530193761088,18.422480373274553,84.18377196722061,9,88.39772738737275,LOW,31.790111597961157
144.92596559519535,56.411869466977485,30.35869664908421,61.272396104322205,4,23.65170554048423,MEDIUM,58.93219347909968
24.41927629301145,53.34324302854392,86.66962861798876,24.998900507456455,11,20.51126449959858,MEDIUM,51.97422040767128
104.42849072341987,92.95164858138133,62.229611404573994,57.316049058433144,0,93.14279916256734,MEDIUM,68.44523095025914
146.3501637875731,54.4155922392707,40.9089239537372,31.741355541124424,1,25.644398422105407,MEDIUM,52.29905756007781
167.19928342738106,52.14884812248979,80.04106826488082,92.97707347043757,0,43.175955793834106,MEDIUM,58.630142890795206
149.83912540496337,96.59799896812318,11.123456083216333,12.784364572414097,11,51.038636454465426,HIGH,72.5100947172222
16.285023624199617,50.55188172407934,29.11965335262664,72.24706588426429,2,21.1998275046608,LOW,35.104673061243396
73.3593980221448,26.27959872898813,26.85979963544723,75.70474722627132,7,11.857085922929267,LOW,33.56719214862296
18.278740293354716,29.52245105252095,98.6096334059811,15.708834936404521,9,99.46814227904045,MEDIUM,58.023716151096764
28.57798948947486,18.56687845032767,72.07936532731222,24.608895959664885,9,88.8991520351465,LOW,34.815240940273085
124.8019568734723,10.051131633305001,63.689663956912646,42.66606602383639,11,92.11041364155736,MEDIUM,54.871155134354105
131.25389337298867,48.87510949004337,5.473571702974925,83.79316025497077,0,35.61067623449067,MEDIUM,40.27733948419054
141.53251606777647,79.23183231683993,22.50945019853645,55.64499476557245,4,29.809141547089517,MEDIUM,57.905620881283056
157.12761316946268,76.01197985198523,65.37642283244244,65.70108225061969,6,48.3279902357884,HIGH,71.19221671895967
135.7033496410067,12.893417902256518,41.073336015758244,76.55609101383162,8,50.79874320802062,MEDIUM,41.46932768631111
146.14817065812744,61.29846132346296,92.80663644951078,80.39043700868919,7,10.503949497781658,MEDIUM,60.984350991778655
18.323830669957474,23.88548128721284,77.64880081846701,50.48418616211289,6,80.13278013038496,MEDIUM,45.38303949981925
49.87097557502076,94.69686562882275,47.50148691639139,53.24741679574591,3,99.70003343278155,MEDIUM,44.81807162015782
115.72262147379178,25.062849967976135,76.2039228661357,71.03049785246125,1,57.582178309188045,MEDIUM,48.67184715484412
155.88130178621995,66.39752959277334,97.66341076349104,32.38410049252825,5,44.94328255112061,HIGH,71.68563911693559
10.765021239742051,39.36145259476511,48.793178346639706,82.63162759106957,3,45.347670389908295,LOW,23.107187463968362
97.48698815977947,67.74051933679169,66.03995934941068,11.766880080446533,6,18.64694189548906,MEDIUM,63.416347214218135
125.13885789194752,47.103273681766765,92.27313843082304,26.640586187826596,9,33.95456365276106,HIGH,71.90147703937741
15.033239151864246,78.36787470757552,28.624092893436462,78.01699515810277,6,55.191950977116804,MEDIUM,43.555165422917156
78.23044478407594,30.761121279507204,89.22300179829644,38.921948010877145,6,48.866320102122764,MEDIUM,50.706756097111956
162.25792983522845,91.52126676228342,14.266747143433353,22.735790778846006,0,59.053127116879914,HIGH,70.96691417234425
124.17417750549598,55.018868438201686,66.60257620582641,25.874154235469284,7,86.41590837736659,HIGH,70.81767007971717
50.401921771301545,78.04838329415675,79.36962473029952,55.11429416456591,5,30.271807242965078,MEDIUM,52.27145854005651
154.97279203742517,86.47571722611043,63.38759082898048,81.92542999432396,1,12.489776281568076,MEDIUM,56.0992398549375
69.16534197961744,99.89457498593244,52.075806394491586,16.0053108405444,2,13.440290075446667,MEDIUM,56.35211071581469
155.0685940944901,30.155109903456243,63.64797449294017,12.590877275595199,9,22.075192477617254,MEDIUM,66.92348428736284
60.82042069021394,35.82031722071093,19.408052334047234,49.539291546131665,11,61.343468632396224,MEDIUM,41.287220890137895
110.35444265013533,32.53897780586994,25.479217481370743,91.27593027955895,6,82.73663290341322,LOW,35.548456334897786
77.4798115171318,33.65841989438044,30.640437675852485,33.71583329020075,11,89.81253453525684,MEDIUM,41.63853532147741
56.72025862836139,62.42002673854397,61.78903735985362,91.52949582069911,2,67.16018817774741,MEDIUM,46.21987777318995
160.71478556921775,99.41702708312587,46.9806020057817,85.45290001015012,3,46.282892720580406,MEDIUM,61.77464623179049
41.890925929713525,99.1250278383479,28.225205036154755,34.06648149293844,11,23.906323734053267,MEDIUM,57.02806962629612
24.417970510079726,57.40959082260769,88.86688655373511,79.44058546177247,2,46.12765054991311,MEDIUM,46.745381369549904
68.12757955276226,67.51244892382064,40.522574827856225,68.2987207183496,7,39.91736205170052,MEDIUM,39.96849906792584
131.99865509906647,87.39734893314454,47.37301332683966,53.50490305690436,2,88.30232927714239,MEDIUM,64.83986591427626
147.2633730159679,93.96401126081547,43.92160227215449,45.94787215864435,3,53.80474396695465,MEDIUM,66.70721437202269
179.78637291135,28.34745645965895,22.2845807512915,79.31773425366383,5,30.357630995907595,MEDIUM,48.590173682383416
60.38154969189804,57.56875560482076,74.50456646587217,77.41175177907681,4,35.99209601342019,MEDIUM,50.726106044719614
79.35013169231797,84.9553349195361,47.60353491554151,74.33958855511753,10,22.28231480884201,MEDIUM,46.66557767946155
33.25961726503647,37.28818689711325,6.544425439808252,94.85175585330015,11,92.67269041622181,LOW,33.77795475803499
107.7282280359157,49.582813823242006,96.58130172418072,50.673559180017634,6,14.531126161282168,MEDIUM,62.22028543613503
179.58860633469592,98.70589913608072,82.4975431015643,78.58845311469284,6,11.15616237003048,HIGH,72.20082780194254
129.14977172051195,98.65420270487839,73.73813863872131,83.31066119359566,0,26.469004017418186,MEDIUM,59.934698182444336
111.1861828702732,91.54961296886634,87.56372769926026,27.986219423563135,2,82.97866161195631,HIGH,75.16160510408355
76.70274579670497,81.86035103452518,91.14668909252727,13.575647574510183,0,57.112010796797314,MEDIUM,66.6749125242125
165.60078924854432,34.22174506505252,37.06152210652167,44.40361418602927,10,66.32589586392876,MEDIUM,63.10532129344015
94.4758213421594,38.87650666604687,63.04107444958637,82.82261817712596,2,42.195850787416134,MEDIUM,44.240856899762
32.842375263220454,59.255455708438724,62.83674187453145,34.57377890153337,4,16.1810186994253,MEDIUM,39.31358092681488
72.1143387438527,60.46996371058109,30.39346853700671,69.50086309573105,10,87.05423462429513,MEDIUM,54.259796534962284
21.41833370412037,55.49525374213603,26.085463887471384,10.624591820462328,8,27.27048449128667,MEDIUM,48.90919092546097
44.33643640709286,67.30032519246754,15.821189207807098,40.205976747220205,7,12.975328049060321,MEDIUM,42.209088131917696
13.003692769985076,46.74907203696899,67.63484861206302,62.31891905444285,0,61.543372233987434,LOW,27.941063899929897
87.05758580502778,77.42567415839797,79.1873041479241,21.029361156148635,6,17.496029834614095,MEDIUM,62.54628114580641
117.87184504180551,40.01949338305198,77.29053305411536,86.21158753253188,6,18.61856666738508,MEDIUM,48.719796103580826
68.35971860441433,39.76092972517173,35.04616083257256,23.283288054951736,3,82.03393283342726,MEDIUM,40.915963304114506
81.46490115589711,21.45033657026452,24.49968579419421,87.33245132533955,8,54.24486303861959,LOW,31.401308889505277
173.0655763835779,26.98409890260273,48.093346953189084,28.393091238052847,11,31.73576070224287,MEDIUM,54.68324934932923
137.83373066773564,86.54687910292219,56.94727872284851,94.51368728284646,3,41.37637810235669,MEDIUM,60.64772537941197
101.94562828064171,50.165410472239735,92.31327715701279,61.403640630125224,3,75.63168809588544,MEDIUM,57.659050326639296
58.37194876901029,30.50810078975504,88.10819965603514,17.169316027256457,3,15.971873028094166,LOW,38.781872911571206
162.4894557914092,78.34069900201487,92.02554147367363,15.548564930686087,10,20.48325543398889,HIGH,82.25756077538878
49.96650986971211,59.85830132351735,85.77492658791806,16.368344182054845,0,65.46358314915128,MEDIUM,54.519146911254914
65.3082641878351,11.904041028096414,96.63521442144956,60.140883519730906,10,64.62745610203966,MEDIUM,49.03027739807622
164.54101845190124,38.472531160304364,49.22249973106046,78.81423219782775,9,97.52159660818346,MEDIUM,57.40867392305604
100.0221493984623,25.93012700092069,9.509982256143966,44.25183305049298,5,43.70945331299047,LOW,34.74985062756113
136.19405140105604,69.02855748845565,12.938393054105433,47.811039538958255,7,15.856986445976428,MEDIUM,50.18762609475161
110.42661500784024,34.75279365672276,42.0762334683726,60.08945481149338,10,58.37836913646651,MEDIUM,47.01616036529938
121.08466553161418,15.845210128894927,29.48027367093474,55.308451406840234,9,67.45121305856114,MEDIUM,45.48171645181112
60.895159557520344,14.944149027790234,21.144356179301393,68.48524731360797,3,22.564250720762416,LOW,25.84070099387151
51.03325047653269,62.355456816284345,95.55435857832161,50.10178621385726,0,59.75757761816771,MEDIUM,50.343270174278196
64.8236990186731,11.955111013368066,23.564860899009133,70.67815823044575,7,27.799040949243814,LOW,25.948197230736703
36.42506589418182,86.39129018224799,96.14103086994695,94.7714131164639,1,86.02570520929615,MEDIUM,49.07242801362951
158.63344209943727,23.985740733154806,77.27968983051467,39.775316591145014,1,85.16453462054467,HIGH,71.81060458034835
58.15197865251939,64.59097016758868,65.88983885189623,11.038314347804818,11,48.66661863985976,MEDIUM,57.01982032746078
105.45319705044538,50.02192252096711,69.22180120849094,20.678128871890657,5,97.00688714615237,MEDIUM,60.394472023959196
144.6356522740336,49.856636910871224,36.49006074761678,57.048705723891075,7,98.17964870047675,HIGH,75.86043297716449
143.25009859387131,16.461742812404125,66.4105686155368,39.26191190729543,2,21.632598005285754,MEDIUM,51.11574325155931
84.5256639593128,82.2477025190994,22.735751236720205,89.89852046492436,1,43.09424243492209,LOW,35.709034879101054
90.96374245974336,90.37472362779273,94.08201609091805,63.33291765912755,0,64.02893230419801,MEDIUM,66.49384862921832
179.09929731895423,10.991500064580562,33.67036729625639,54.23019080706477,4,17.635402862329993,MEDIUM,41.85050230190626
124.68157108643409,26.074375812740595,29.242718667886507,77.83335760812159,0,44.43899534327233,MEDIUM,41.54675455219992
148.48853533004007,91.3513769915931,72.56046582844496,31.980139039173086,5,33.50548756149317,HIGH,72.56293777508716
163.43417476726944,59.454425152005236,67.36262821628728,79.67777592400057,3,95.68451988700338,MEDIUM,60.864091213370834
143.89027215898767,23.503562042338913,47.873397242614,10.2601939134479,6,47.04272405483234,MEDIUM,65.28678663562395
41.480488642106494,28.251140734824297,65.0823922956247,62.672575781536004,7,78.64037726927613,MEDIUM,43.46033273378123
105.56902473538727,69.39876198134027,20.151841817281333,89.45435783889121,3,44.80348271609564,MEDIUM,48.54586744671927
27.322006743472627,75.23351400221857,68.96618920318573,76.96809592287896,5,21.863086337695194,MEDIUM,44.883353074873305
120.99676151587973,63.948412772194175,30.708016043543417,82.55890633252555,0,87.68363771447628,MEDIUM,46.63294337238597
172.40940279192787,95.78335419212732,30.919417784263445,43.74114908957754,3,10.037522521279348,HIGH,69.61554586096415
97.16445093101892,54.46572432955993,20.407093819659536,80.06031041851074,11,15.034678657700502,MEDIUM,49.22876865559831
83.60532378752042,37.0244720928274,36.575827828435635,56.82069152757266,11,42.79459653073389,MEDIUM,45.98832967285281
16.09326774108774,52.950961897821685,36.468850729576175,62.5759201027719,5,71.82084299668628,MEDIUM,45.56181333070803
173.16166879596744,42.36996642999499,48.147006111715584,15.007803843543298,11,40.75338657616982,HIGH,72.71505456523788
27.510456302126993,30.19743034072177,23.089852943303203,27.131894259823333,6,15.968153585887746,LOW,33.36656445558535
16.98344586182398,14.136692440612606,23.3357159350828,56.83197531865197,1,38.60560303607339,LOW,21.73483605269731
51.83132395583954,41.69912442086118,56.46516430800669,14.998089914997301,10,32.04827730911461,MEDIUM,50.750926097706696
21.140173766125013,74.0268412938768,17.24335344369514,73.02297855995562,4,10.487781983637817,LOW,26.002491667169014
87.3700332099996,11.659402258767443,70.44521575893934,81.40484572436164,7,58.13217218623616,MEDIUM,39.133694214246766
97.7349262137091,49.526066188534124,94.67497695694667,88.23080071005842,7,20.498132326976744,MEDIUM,51.485273358222656
63.136891334859264,67.96084613048816,45.545584058115935,18.650319030283505,3,35.87466599169995,MEDIUM,49.553535310307474
18.66328203773063,64.93636982568765,90.60500474931429,89.87622108193801,8,67.7070847200173,MEDIUM,47.5884753533199
28.97206260236854,79.89835922998444,14.340076156957121,15.747700648490074,6,75.26041199406795,MEDIUM,50.22254969050711
75.36574425828778,82.94677440938177,9.080974600686234,50.2947783538643,4,33.71100641704203,MEDIUM,50.67935327610398
20.28983664051114,74.05352388274491,73.5300433638148,81.421336753364,3,39.62743039587106,MEDIUM,44.78000586143337
128.6922533536853,19.25179265302745,77.29704943324217,15.976446777978706,8,32.22183143147187,MEDIUM,58.674928876927105
45.19349205921804,52.75201996039246,85.09053289174638,11.549641204063608,2,96.11997402845728,MEDIUM,49.92043826810999
61.35216669321854,64.30653617388478,10.397679447998236,12.120556090065309,1,27.146775428866256,MEDIUM,52.79582117910506
77.00138212027657,32.10094349285065,78.80617022089889,53.45797035206285,10,26.486254327030863,MEDIUM,47.70726719024134
80.82363762175514,13.829663588209886,40.77117961567527,78.98572329071635,3,50.05317662483788,LOW,31.06645641382054
10.282320304716091,30.123128878844224,33.817075104808865,20.831267041170968,7,27.037572328051223,LOW,32.267927765014356
29.051963069778584,50.940496155937495,21.437272527613207,20.591871596760953,8,24.10376106570473,LOW,38.04775858664955
156.66997583594926,47.253728714914075,99.62149673474006,58.32648267923229,10,18.629158393097693,HIGH,73.79842038111926
10.209620627024382,25.900028319444544,11.048040985292044,29.915126069013514,7,67.61541232974244,LOW,37.99383781549582
96.38845048818877,84.19739884151436,83.56576138775995,72.06816748731427,8,65.08740294117064,MEDIUM,66.10952489419357
93.21534110622538,93.3118001863052,65.75197137160012,90.71900799502374,10,68.51466026901696,MEDIUM,60.92586406879672
66.62600737180843,28.12134871474437,74.83264220487737,75.11283956103512,11,79.59700072084566,MEDIUM,49.776090023541876
83.32559342489644,93.66156240104995,72.61312639257066,84.5599061422079,0,39.37222115133182,MEDIUM,53.521507455008404
142.69879337951934,11.607486325766274,86.55127608195234,54.16481489359197,8,92.65813602507293,MEDIUM,57.283394002230814
153.0046300565426,93.2466225436251,22.46024663633029,80.74714085849033,2,75.98841499618804,MEDIUM,62.0393832094021
54.25925238059251,95.67359110728171,5.078338599295111,25.546770638868,10,82.42377297230682,MEDIUM,55.83711627730163
64.82337496451407,11.084667671433268,61.86020645911029,15.809570683628328,0,74.88659474440401,MEDIUM,43.11502378618202
51.222085014816564,78.67173670990732,38.61657073571673,65.7560143605983,2,42.261008088930566,MEDIUM,44.74425455827422
91.57677809368107,97.3181415312859,16.75979645612808,14.415962819434753,2,35.47292392563715,MEDIUM,61.626912832418505
126.1539208019982,91.53119969360004,22.683181639902692,85.86092062687284,7,48.02653626211127,MEDIUM,53.11055458604204
48.802988828781494,97.36391450765917,36.51618468362618,68.78210250413058,0,18.73273244800226,MEDIUM,47.54818046017419
66.22507614932734,59.52911551278754,11.672170234236805,90.93706165975752,0,50.615245140935244,LOW,27.651319819034967
168.1653849901556,17.034052589684947,10.406754202202832,36.68036578662503,6,13.882688478571586,MEDIUM,43.52732486261656
18.256779273982872,86.48102780245326,92.0224942090822,51.32345628213777,11,10.355136402447505,MEDIUM,52.387738859822264
88.33083289072626,65.24454302281104,34.64976118860114,73.04368102883512,6,93.83490455272235,MEDIUM,45.56426701722366
130.96486707145223,65.32630697694601,98.31191625999057,30.636213764169746,5,72.04031745291036,HIGH,76.97928935078015
35.57718196477059,47.55282488728176,96.61486579138798,56.05714970949169,7,60.5662252359372,MEDIUM,44.38072039423209
18.053583400931913,61.46577788689982,18.54427182107581,66.05471837546564,6,40.699183548075204,LOW,30.234163529975028
33.49491317855023,23.822180117750307,72.91780877513814,93.1987356279985,4,61.34842132165667,LOW,37.586412634594865
166.1999429002161,76.57930239095353,62.076464467071574,73.29978001060272,7,90.24181987044986,MEDIUM,67.31218529284021
11.57416290959098,16.75155766163881,70.61147194498959,20.04112227372129,0,68.71421205494781,LOW,34.571693337956624
42.01473571792981,75.68026903394129,14.138145001375104,50.40334336758137,2,64.22337981581538,LOW,36.83090459159768
15.318197193279573,86.40805803623687,22.913207470283012,60.045516554113625,8,51.41840526745102,MEDIUM,47.570136427481096
28.807009485574554,52.52218098080394,12.280672837833741,22.46296714346998,4,41.11273275857722,MEDIUM,42.01179608744354
115.42537872681037,55.88473294513444,62.392749495621764,46.71711484339166,0,72.86924025295406,MEDIUM,59.31736033051554
51.07861448564458,38.099284562987044,98.72615220566365,34.14049438854495,1,98.28828469142329,MEDIUM,54.73769714728269
106.76604857321506,97.25127253530289,68.83853107750443,20.100341092272206,10,48.22819241685311,HIGH,75.01870343255743
110.33321507024145,75.98120271035909,72.52234582708331,53.523564344393634,3,45.29846836127807,MEDIUM,57.587082109568655
154.40400662526244,43.208969797031045,98.53557894661171,24.07881188604936,0,48.53021251285382,MEDIUM,61.68349664043531
10.806036795018567,25.732664760970458,69.41109764632063,60.195679729786484,8,48.29895712447494,MEDIUM,41.17531611324054
155.07280808820235,29.76216329818822,8.817249399704682,24.424239240558563,6,99.15622960316456,MEDIUM,59.9608633901269
115.25024469258558,51.7530057499045,87.36553208137677,71.5055685062398,5,73.61004317584066,MEDIUM,54.51899796478435
37.66639263784279,94.83115602829041,39.64443758598565,26.595537957521984,10,42.32660042895325,MEDIUM,57.6975253854018
141.3993559829983,76.07317111848263,5.41454404389796,86.1842335659727,3,43.43521364440503,MEDIUM,47.279287480165785
155.43356210439958,29.371937336123484,53.18724686827795,12.227795306648751,6,48.771723226965015,MEDIUM,55.47221522917994
53.22479223820674,87.36050200770083,94.01642508324505,54.369777898887556,8,13.304096882240472,MEDIUM,59.45322585417251
166.19492575345575,44.0380470708713,29.446415283523404,37.20890510035649,7,57.503476181912504,MEDIUM,57.88623370006658
87.25776315077182,86.65499644772667,51.693751440019795,29.13150469084022,2,83.02428563704882,MEDIUM,57.57496591723499
112.58215723666466,31.752963818301787,21.50880433932712,50.08623622903758,8,69.45110138867595,MEDIUM,39.746934111440076
177.3904207149994,65.67945507426859,10.480803808311808,81.57166058756216,8,27.857876208538745,MEDIUM,47.39683572012508
71.4611333686639,93.40034392731538,12.651769937745753,87.79856246976514,1,75.5230817240533,MEDIUM,42.89715174812305
148.23708878941918,33.210460823301474,74.06603606632876,35.77613254256689,1,74.75127456988272,MEDIUM,58.88585686817285
64.12785003083815,72.36339315272694,87.08707472050416,23.110707878081058,8,33.62852940840973,MEDIUM,57.59335612278969
145.86629878105347,98.85813579614295,18.613389728986654,71.21193804313612,1,66.05871911712416,MEDIUM,63.38377237025258
112.12476620664923,23.553845851870314,32.39026394199453,59.46989166375901,10,64.98541298097425,MEDIUM,45.912202954712455
46.780468188318245,17.956206163060696,23.527799426258596,27.086372637592593,1,85.58088614705633,LOW,37.3343141666239
80.38443594417018,70.67756732003346,7.551298808010653,74.62514198743212,11,22.246508065009714,MEDIUM,43.19374234052203
63.99805784180548,40.57623529741274,57.57598013926344,54.109086995582,8,27.535465406037048,MEDIUM,39.89905279339381
23.27842682366186,16.4120029629932,71.49260616307652,65.53859195812964,5,53.73725533910247,LOW,32.750308653243685
15.071910916948571,52.777505609524376,66.5483606840817,40.54381788688804,3,13.973063400307632,LOW,32.42036239940736
68.90137141922077,77.83936116795601,41.865086993713525,47.323292710701956,4,47.403477784153594,MEDIUM,54.07787058273616
13.235805128972718,35.66101603736699,57.72597336429101,25.32907836187009,8,80.9397137799751,MEDIUM,39.20689238224068
38.132918788901755,40.15421897546213,13.939434130441345,74.30384874985398,9,23.38429545855984,LOW,34.5620924924468
133.2811645446477,86.1129460582275,19.658853278655023,23.345962552902307,2,51.39538632428724,MEDIUM,60.683159220441205
130.37551006620993,56.80647210353393,93.52048885753342,76.15572055384021,6,99.07923100442001,HIGH,69.77531352630908
135.55866569775503,85.84587719258249,77.3432360428902,77.83066766518981,11,55.53280120823779,MEDIUM,63.880121580291714
63.91603909209639,50.17505429293385,92.6602141033909,73.46108194468533,3,54.84914417098815,MEDIUM,44.202113612475756
161.30330771000823,95.7677645404093,92.0846270274399,11.650936984992937,8,60.29142253517513,HIGH,89.06814956878526
110.95119316483608,68.57151307459631,66.69229862523537,33.21632307156725,2,26.74039332994671,MEDIUM,64.46676359882424
31.42447809692651,20.43089787873245,93.18267157065569,49.808708137304166,10,23.244749441734985,MEDIUM,49.62052149713841
34.432172447440806,89.65836894041206,44.586889792834,60.62127219092764,2,70.96191662035976,MEDIUM,48.23103439989063
127.82622257804925,54.0338671747718,5.343543254569389,88.13387844636927,3,45.61901289151932,MEDIUM,50.274195734967684
39.40046919515327,22.747507117561447,10.94425600538514,41.926507630939696,5,36.09159653939282,LOW,27.412125205932234
96.23975926894737,23.742112045727865,15.401295941577445,84.3769820957861,4,12.825245792790783,LOW,34.52190655900548
178.6016609078808,71.87805415988846,14.058578052371725,23.891489491631106,2,86.14454474606342,MEDIUM,62.70048877409462
10.681292804667715,14.263525605654081,38.41172713077503,41.55884143823329,7,12.909597926034948,LOW,28.464974067986095
12.818566322584676,35.79343884224319,71.62072667538898,14.443970919812454,0,77.49848116749874,LOW,30.510838868958416
178.82437892818612,22.58088314228813,80.11163662704702,73.11158973972789,11,44.37897030987229,MEDIUM,54.86458102662852
109.38860180280814,49.69696866555558,61.07026106273934,22.8054843817976,0,63.88190294541851,MEDIUM,58.398832931798104
31.574695838147232,47.291839479492516,18.911436582913055,31.84670133011891,4,32.29102006211461,LOW,29.17727589667549
162.54137395819592,56.968879121997034,76.05065220407666,75.89482643642326,11,23.98596996088658,MEDIUM,66.03531698120338
159.66465102170767,35.167269619227724,38.7061823180719,55.45092098093035,1,58.004920075145264,MEDIUM,55.901707748745835
101.15407022893379,12.883923044035948,6.234368123820643,11.187681150569318,0,72.60559254587292,LOW,36.90340765114771
115.70464507632862,65.29474958816672,31.655918950611188,10.189992403528757,8,27.59439654506319,MEDIUM,55.81005268459157
56.441822555148974,43.63462025941162,36.4070526433929,53.40615369789125,0,49.27230526893078,LOW,34.22592362164629
18.588348383240877,68.62014988660417,31.053325845719776,35.92121866868156,10,50.01894732622561,MEDIUM,41.00354773430708
111.07649351144694,19.78002737238416,82.12766455282063,25.326472909590056,5,29.43812341715165,MEDIUM,51.876986949355846
60.10838284446971,11.23996197646453,77.19300777143857,62.155484705869426,10,60.8544501626918,MEDIUM,42.27772741540007
122.81557793225983,32.34648230967635,71.07744288920094,29.417100095981304,2,23.134211810353058,MEDIUM,50.828631776850735
152.16168006324222,51.089259069464696,18.2054824586652,60.33760772322057,1,55.877425598672204,MEDIUM,58.36408365001819
13.087292465441891,45.466477675162054,81.74422142209679,42.2376057998332,11,20.208836022939956,MEDIUM,41.003792904902625
111.27134169657366,82.92722997461198,69.33171635801575,25.873428501932125,9,53.69881679696237,HIGH,77.62890604514597
49.31769174676488,44.005387977354154,23.50958021573223,21.738902718843637,10,38.043914938800114,MEDIUM,39.18629283606556
158.56104464364623,57.7397061642771,66.56892337674407,30.133151265819485,3,50.70216628733815,MEDIUM,66.46886792805896
53.12296611551084,63.4164033197973,50.9336058953497,12.535729181103733,4,49.03744234988567,MEDIUM,58.47139511895317
113.83092265002111,11.964825248123045,46.73825587634138,36.19079177308282,6,91.71398105367335,MEDIUM,54.74734321161576
104.10194281523395,56.36200391615701,15.651700529876939,86.66614866545251,5,54.094203996081646,MEDIUM,39.903060864150945
77.34830501007231,41.03481334589541,54.23890620529071,80.6657807000574,2,83.66490134891869,MEDIUM,44.434523210425596
125.19552981196499,47.91521149149292,14.493521852374545,41.62031932117101,4,30.30871536205437,MEDIUM,49.61510406361269
133.38083790162375,19.025865864572523,20.60407178915533,58.945857579453325,7,41.687451517083296,MEDIUM,39.930873320008644
106.37942520429576,80.45385090837807,17.591899856102458,58.22564751619497,0,16.758044256987183,MEDIUM,49.98937010842344
138.93178032140818,94.81638257276703,95.64028651165073,80.44269083146554,4,47.86730153393442,HIGH,78.7839896498759
177.1809029187994,12.004193856664001,32.06214559216956,30.084658628942076,3,70.18298983674379,MEDIUM,55.867724328354974
81.27630594313688,64.12354865302132,38.74441074162073,35.19293654740605,0,85.43503306984566,MEDIUM,54.45715346674121
97.47911882054025,78.74596605595222,35.597657598123426,35.65176186837698,1,60.93234206192397,MEDIUM,59.201731576452644
12.11987925000625,35.63268297849005,90.33379229192366,13.473949130592318,5,67.60654026337707,MEDIUM,40.46070105556426
145.32485457276434,80.8800026376895,58.48176157681441,36.74846837958134,1,25.954036985525335,MEDIUM,66.54016874843445
98.43911139781895,66.9119545689671,92.32019039866462,84.62267100998059,4,13.348543441009543,MEDIUM,47.376210721858854
79.35344316129608,93.6246369043963,33.492866053650076,87.51895004357588,6,81.25193306595844,MEDIUM,50.21572220369303
25.992233725197288,98.29043302183955,15.90929407103515,19.319004390326782,10,25.033438669715775,MEDIUM,63.40494032933926
161.24159168481754,13.811150259883433,57.84075300879658,48.93497603756667,1,18.205258197947717,MEDIUM,45.920729907298714
77.15123080689459,50.04439849243056,37.82601422005166,42.414656634949324,5,94.38060888159357,MEDIUM,46.53251298014789
126.03887169556747,59.22890088203964,81.1811491816211,51.59553171298797,1,96.71692276532589,MEDIUM,68.61368815222603
35.39360658258563,23.206890988688723,88.54522384660757,57.151159544987564,5,65.46315624422452,LOW,35.96581484147863
173.46343702197552,40.26572473846255,49.89448353617182,11.721994601508417,5,44.07735454185641,MEDIUM,62.81597094319157
40.335099509711256,98.88827029808155,97.2791072881233,81.59059107329867,9,84.99155868676468,MEDIUM,68.32708063022103
43.922138792913366,11.46074107082243,57.536235602718556,92.76144621973377,5,28.424796340187118,LOW,25.63862725500828
156.02708629481134,50.72571383719457,30.737437371699684,65.53940902030959,11,48.64530946867137,MEDIUM,49.93414880493715
165.1390665041283,85.83891595463766,51.45267395770608,66.13844027193639,1,42.13155691005416,MEDIUM,66.6380056450859
46.06505927896124,39.15111364473596,8.544477778278122,54.878287915610215,0,92.14299916675135,LOW,30.6732382041626
89.86615098972074,53.1818652479638,81.38011022499141,38.41323999572245,0,92.77996738260462,MEDIUM,64.7717430203917
134.69413377568105,98.02411712091819,14.63632983116999,22.663115055259293,4,68.57973336912997,MEDIUM,64.54797430875381
159.32217474783627,52.73891528281335,34.33110640778547,59.645384129164306,2,19.966612624542265,MEDIUM,57.21956280938451
74.43895815634188,21.782918093184914,58.70507196546962,13.820019298282599,1,53.39735106924722,MEDIUM,53.61012658753245
97.89331276440296,14.654934249975195,9.082636936455392,80.08271825380928,2,32.0795529601651,LOW,22.632698917466307
136.09178978835493,95.08749151959536,12.535105422237583,45.77749445500231,11,89.64240968660337,MEDIUM,68.40552010738035
134.29311603097523,33.92284719475591,71.13105397323622,45.25410905376786,9,22.45625191145817,MEDIUM,58.504616914089105
143.10322210443442,55.36575159080958,11.81882384077303,37.809522970451994,0,14.887924827463662,MEDIUM,44.05271457604515
106.88874916905948,18.163158948097177,50.322872293500765,92.39508053937985,10,73.39861301950704,MEDIUM,43.732579234808945
27.784566456811785,48.12896084955445,37.176085174971284,24.8679409855111,2,50.79574674713376,LOW,38.44161988679809
163.6754594492668,93.70949673251117,26.667543755859562,22.861164825392947,4,85.45283988427761,HIGH,72.86526972883453
157.1473316845748,55.21716942678445,22.933995297048213,24.070177631327564,3,16.71666680523806,MEDIUM,56.776628243857246
145.67656408911662,97.40216366220952,77.52407290459504,65.97483604231493,4,82.09685193470582,HIGH,73.64064182622066
26.976621117324015,33.295207351365974,95.39650834927684,94.31110209201586,9,13.360127755974249,LOW,36.43217407245999
44.74755240384296,55.409071573354346,18.317075509316517,30.01538948414915,8,12.526301072256128,LOW,38.03397620977171
136.41206206830083,87.35777126283926,96.16971582154206,86.97747875073647,7,51.51841765579267,MEDIUM,65.78429151466516
13.933816078930894,50.34271190983694,61.50243783013485,33.682407532694654,7,29.916216071258663,MEDIUM,41.593981245132504
176.46818773023753,35.153863621317065,65.95773850950943,65.07149321065052,8,63.434683630587756,MEDIUM,61.584813130283706
74.11459566046572,86.99278270760935,72.44300592354527,13.442410914336257,2,12.323529479032338,MEDIUM,58.43044921936848
132.28313072744,45.09005219853481,71.8912945836852,52.13058783897606,4,13.185058812668068,MEDIUM,55.61786532001337
160.88708504296736,57.765096195421066,82.88205527764039,65.63844713371344,1,75.44336465547464,MEDIUM,54.96164120405734
77.08708098551398,97.88743597736311,50.92952187803126,55.58718106392343,8,28.91486462430805,MEDIUM,55.28388688115835
64.25252306194322,26.78349652802775,55.66906581389661,30.216007714952244,5,69.07754112946603,MEDIUM,43.866139379805865
113.48599191270195,37.12605730481671,35.76356523402451,80.42224060277282,7,77.49299453506826,MEDIUM,41.74455534842885
108.76819353716861,12.796264006285595,14.99947140939612,92.46160345525043,6,15.339804915247068,LOW,36.49352837207422
79.55379619621552,45.26539389190474,68.1408181379908,49.031668133825555,3,79.27785590178154,MEDIUM,50.74341960884223
112.30170849751043,28.01650875263736,8.192947072693837,64.05313754108656,1,34.157909616515745,LOW,35.19490081496052
169.01483282630412,71.20314418671023,31.185329852919985,77.18512780937367,11,45.05913623797734,MEDIUM,60.3149539901348
89.4988436265214,26.318931288926713,13.951837122379525,30.52657015285249,3,17.797527306578502,LOW,36.697509663995696
43.446170727607324,70.73314771652826,23.119079945658214,83.47828246394675,1,85.47669850283674,LOW,31.971275360726935
74.12501709011066,33.71278853703859,65.67943672525118,33.81707695134979,3,60.46559076931876,MEDIUM,46.6330893426706
76.99818704083016,41.96960507090798,64.70527986946723,75.9456182987953,10,55.4198750062455,MEDIUM,42.65888969934656
32.28847781445738,41.397458684175774,45.00021673459265,19.528434756245876,3,97.16993298124801,MEDIUM,43.654698174467065
37.688155094274336,74.50765751472484,13.56633776650166,34.51286979020443,11,40.105518394660365,LOW,34.67088449242359
126.37555247692514,51.985833682450874,46.170522063643794,55.35769438488876,5,90.17013578290265,MEDIUM,51.38977187450021
67.71121821551345,42.516900896741475,38.51076282653787,54.61837813486679,10,74.77190929581438,MEDIUM,54.17674094008325
172.3327266154873,86.73604471355048,73.44361952131523,82.28665068134113,7,93.5675322267015,HIGH,78.42309317544706
51.41144671096326,61.475556307708246,60.00752777890991,94.67081689928162,0,91.70218474862138,MEDIUM,47.465851283777944
26.817165867819792,29.244773915019803,51.698747897014904,19.112921898111953,6,99.19268245234626,MEDIUM,51.42152146329471
138.09577571004385,91.00821503293143,51.26329781897454,33.06799129012815,5,21.850907683344182,HIGH,70.8240122281781
159.7761288260379,40.838526643027656,96.79820428973979,40.39584786896144,2,81.64147528824356,MEDIUM,64.80073594148428
57.27927066815294,13.508143978358834,76.8479510618278,50.70806466385043,6,82.40449194527528,LOW,37.55741304278294
44.35497727973125,54.51402015770076,52.21305824371214,51.98232816812392,1,67.99361753606382,MEDIUM,48.158547540279244
41.580242928084814,21.154424899679,50.526148224452875,82.77658036761541,8,35.097486241438176,LOW,30.829545625811804
98.7420912323071,31.461979934416828,7.515514623971527,75.49754073673348,9,96.86334444654835,MEDIUM,54.018866128041765
89.63082901195106,77.23997854186699,94.53838001538163,11.602384218226032,1,28.39799241011886,MEDIUM,63.137394494226704
54.10477277527082,21.767663203868672,35.32152731789631,48.67684964957097,5,54.96178405225951,MEDIUM,45.01553547560634
17.679429888202485,82.62498019186322,29.314212778670658,62.53627625074755,7,56.93384015372676,MEDIUM,42.430044301149906
91.85352785546772,94.32165593178583,99.94384791182878,49.13362490290699,0,24.564641035243497,HIGH,70.1334931118071
173.08649909805342,64.58788903671503,73.27551879292982,21.104846762184696,4,75.02759400999167,HIGH,83.60958752243427
120.92826412795274,73.93232728205464,9.499558463432358,43.7852971137051,3,17.99804477622158,MEDIUM,45.461697196857095
94.23611462686513,74.22279489166756,10.879120317429763,44.990734086027565,0,72.37880009620399,MEDIUM,46.598571330212984
28.81765258503474,99.35271615434004,7.422648576218798,25.955853408229494,9,86.37539466615732,MEDIUM,49.94064959801844
52.91416939342984,40.73844359814606,61.96379545372256,74.28610473003104,5,41.44567825741596,LOW,32.649431976977134
60.11157142767226,24.657089611843226,11.798627505885422,37.31905781211053,9,73.84787277392802,MEDIUM,42.34090334265462
140.01660394322982,56.72505114228893,93.6718939002684,60.06391969833238,7,24.109660733306484,MEDIUM,62.17332692345255
159.0408355349853,57.99248288485374,94.0061213021544,53.83706538149524,10,86.13541013075908,HIGH,74.60062609184477
163.27911510629454,26.012123946653002,56.87513634106758,84.58130173339305,11,95.68285286979022,MEDIUM,60.33106902761832
177.3766634026282,65.17984770947255,63.580698482615325,20.371269208341246,7,23.742432414979923,MEDIUM,63.0940972129367
177.00233612777052,11.271226012914157,32.729968144898734,19.712355701544112,4,72.26735265750989,MEDIUM,62.33285981238359
172.00985257055683,93.49015622087994,11.077391528785967,35.52717187545634,5,55.52479869008732,MEDIUM,67.29189849717697
22.209763885490347,33.811685003913546,75.05874229322248,46.65327229069598,9,57.83493986491408,MEDIUM,45.61806275458859
33.42490110772688,13.560418755117263,14.669668931156657,35.37609114393186,5,73.58407467406194,LOW,33.41443580429534
61.75930950092559,19.742449732737136,13.127975896747348,74.87090200359572,6,53.986644940279355,LOW,35.49355508026893
103.99270319095845,31.622405345167756,34.56619537440126,30.84759666429047,2,64.02937528159451,MEDIUM,46.03087902549917
26.48624107993148,34.65155517454407,6.184237684598796,17.2058531356408,11,30.781091747023947,LOW,26.049999861339614
153.78548282636422,12.95289995479558,46.23338349685002,45.17298384015254,7,44.06559368397672,MEDIUM,50.95326358637773
114.84855044314254,35.141933097435626,72.22968645760729,75.73723949177113,3,87.87163150643518,MEDIUM,51.4848221666869
102.20194839137484,27.364756284413392,81.1281484850842,82.29776520487302,7,19.891226048354703,MEDIUM,39.07100310947782
38.102924972439496,44.07588346910667,62.409193860897524,72.33431211088481,4,63.78177348402759,MEDIUM,39.65305251069819
53.05343064803355,44.66509636203723,85.4530492958217,57.42036767247824,1,26.58583560114012,MEDIUM,40.59795908857571
37.25304424698387,40.51069665425912,43.61770935787548,71.55629464868002,10,86.18856381310347,LOW,34.093439179386024
154.82863682511575,39.51314951776336,85.63334808074528,67.91811050082822,10,62.11395584681948,MEDIUM,66.93022852545357
109.3187362104071,18.07581499671261,53.11496449734603,29.921163762080173,10,46.2743904403244,MEDIUM,48.1777644457854
134.97200267833767,12.268445241354595,26.188432159838055,56.81450583727147,4,32.484220628663614,LOW,37.64624816697436
60.32558669470438,28.190287014081992,94.69383643274426,75.50179327426672,3,49.316022927067095,LOW,38.799524260812504
73.11294830500711,78.09844846749539,31.122233014526067,36.95525625938674,0,96.1851093329568,MEDIUM,59.430472377404485
78.82534395251075,99.17287889960099,7.489140997840345,65.58771747093917,8,55.82883607692585,MEDIUM,52.91630849270149
139.20254519648591,93.56735575515961,28.054034080727558,50.92583633909787,3,52.254057852987415,MEDIUM,63.188556087891634
141.30000790467656,55.379741998399176,39.83531831945564,52.7685023303267,10,77.16464321502782,MEDIUM,59.607284595498825
45.158299677385386,57.86414702001408,38.37821991248009,17.654678211483578,10,44.1142363748716,MEDIUM,53.06568806670169
170.06160564547682,38.312341213225835,54.84341339713931,66.62845905095728,1,48.46815548927146,MEDIUM,60.492428193578846
30.511407365426688,79.65454947738907,88.89705379341274,83.5833980051342,11,40.325295841445715,MEDIUM,55.139194488367366
162.34075401201716,78.82810191393837,32.77213157542142,22.021659482198338,1,23.582777979645225,MEDIUM,67.76583782691543
27.06725976046758,85.98451218242,54.47320775612104,41.118981288398196,5,74.24282927823856,MEDIUM,55.996803949524946
54.971767895722884,90.5954119477196,37.31320060040554,14.136733661470977,5,88.57278224952614,MEDIUM,54.12079557825747
153.90135113155267,49.09143234027662,83.06844064045404,12.518710307993244,11,91.5033384318489,HIGH,72.91902385738133
40.51365229883486,79.01880112964778,19.972143762405445,94.12097221709823,7,89.27226442340017,MEDIUM,40.75144642702938
80.30654832269487,82.57588559162907,14.833475489455557,51.945078206042695,10,50.66054221941936,MEDIUM,49.84228704341165
86.47608099050146,37.76136602479751,52.784549057572164,40.21911658399594,7,35.56595729828767,MEDIUM,42.61148097729648
51.69402541394564,93.6318019605535,68.82932064772173,33.364551513126614,9,67.41313746407411,MEDIUM,54.868589656538504
130.74168422711773,18.49073523756899,80.57489410362282,93.30107482032152,10,95.92344207154285,MEDIUM,45.8056434955075
154.72689039837465,99.48422612469545,61.01436102600506,31.44131676934311,10,75.43455833517444,HIGH,80.23058071876359
158.6777737754472,79.30816463429825,78.51572732530506,71.68521363770819,4,54.53637054311409,MEDIUM,67.40403389092852
67.68476477521537,18.39438147918945,42.30745556328776,34.119438143504375,4,71.99277170621033,LOW,36.52221239575562
100.24456702892846,69.06066832945005,8.122428675314552,15.991607955338125,11,79.52841212089572,MEDIUM,61.13301581831914
52.22908865716075,13.076146983543413,16.02943425064787,68.07851223402501,9,92.73423351952637,LOW,30.02511804413985
51.61540526352472,79.31682544997646,8.678647116754636,10.138622048538513,11,78.68941785749386,MEDIUM,62.41927586173949
37.4131906848271,81.93006294931497,36.2496467952668,67.43862348264841,6,48.987150007231506,MEDIUM,44.21510125052608
169.8032318372775,64.2169227782303,52.07167742052482,31.282010914134965,11,34.624586661893574,HIGH,74.43601678446498
160.95810086294858,87.11743527249135,38.85016094740924,73.41885972607761,8,54.98934982566322,MEDIUM,67.14063227383804
142.15098126570768,18.80949521933737,58.256950131307256,75.42876422480519,8,39.53601501449246,MEDIUM,40.76339007800328
98.00245861891393,34.83314578367319,50.65786910681483,71.54911529949072,2,94.84881334190325,MEDIUM,44.534003369926964
93.40334563701822,47.275976943340346,69.40456617707433,12.081092524746882,6,55.7169259104966,MEDIUM,53.280485441956536
100.05676325102465,13.821215754528845,68.3614055385236,69.81761266972032,8,52.48507023676075,MEDIUM,43.22236004648403
101.21656230810518,50.33944788140495,35.216093975324554,94.16237719473988,9,41.33765963393766,MEDIUM,39.917299686022126
83.87572439860736,33.869211050130936,37.89037325930369,30.623156324677947,11,67.54662912624403,MEDIUM,52.858294962720855
32.39832159165147,45.34615108915777,60.58904305592382,33.31027863915378,3,56.8046150758853,LOW,36.39348583646019
31.36285498765112,48.25923687930758,61.661084449629975,79.14975671434586,3,21.614403060843088,LOW,33.773711276884654
171.88245169376617,89.14705601389166,34.896491795527645,23.633728429766848,11,88.22870297474451,HIGH,83.12488138018841
91.94522912967959,34.33068734748751,36.3801991486654,66.14961241788689,11,42.31115489294186,MEDIUM,48.867553654562045
172.04493923388213,90.43688158446449,70.93427625268397,74.17724208754916,2,48.93205869623388,MEDIUM,65.32414598723095
37.8080692107187,48.33738683315643,66.5040281732266,13.15865625464536,4,28.510035099722117,MEDIUM,47.32704093255022
104.2508138467887,39.50269486245874,17.829826444578597,57.069778012544226,11,59.80583868561003,MEDIUM,48.2734388344985
45.31193306976167,55.22608444016314,46.898978569162374,58.94956697555005,2,73.18495561857247,MEDIUM,49.598978106015984
53.04138304152226,47.596895772655564,89.80707747750607,35.792646278302506,9,89.30487885633455,MEDIUM,50.235480396020876
15.109278389400394,33.16350817496315,8.449039229925145,84.48929689878896,1,14.644689847503638,LOW,11.673556704244346
30.222062825835923,55.241139231646024,86.2405749160003,23.83372614048779,2,97.59987187294405,MEDIUM,67.49232558271817
165.8642292969633,23.662155977094812,20.501924921093647,40.95655030799814,9,73.3435967818321,MEDIUM,54.024434649680174
64.66060855199639,41.673694872066946,53.188620083863015,82.136838407523,7,35.586881597036566,LOW,29.544448213943824
113.38196602548057,60.92111974366815,45.31196074768609,26.204634311509363,6,28.402727951256946,MEDIUM,54.65421458888713
89.05240243817641,47.20674199508727,5.962287047438588,79.81680158785237,10,36.64791267891381,LOW,25.096957111690045
78.07671169169731,84.15211249457168,91.96270902351503,16.720880076276234,3,88.81531764997982,HIGH,71.09805648323487
100.42063552883158,33.104958538164965,48.21789659675903,51.58447071114915,6,36.225115587635536,MEDIUM,49.747616153965495
41.830620584608056,97.27944209479091,95.65548629225843,16.40310630788479,7,51.653902110151215,MEDIUM,63.515501363523704
178.06266274832802,80.62498187662162,32.2406705930257,67.62180473022872,8,73.51642488180093,MEDIUM,66.065691132072
149.1123376796567,97.0833723397725,87.29619847451738,77.20112656972601,3,88.4790877351497,HIGH,77.9495030373148
136.07448756435758,85.43228993472738,92.6270095295849,82.23797660097824,7,69.27140461114936,MEDIUM,60.888792598240826
89.68908049237191,22.78935332664784,57.89907955522416,93.40729131323904,5,77.77982768809804,LOW,32.41725001161881
35.989110761477114,57.381408157151235,24.254389847433163,67.12133639546488,6,25.599411666636,LOW,33.792384230576985
166.51319590650652,25.298066907620715,70.0985060500434,75.37026267640172,10,88.9667044922025,MEDIUM,56.4803438913726
68.0358014548937,83.64046173645316,57.152916320298715,52.98945365731299,4,34.81472652562996,MEDIUM,51.76414997977418
18.51813724847874,62.574593426496634,94.73031825599946,87.58263660039573,8,21.554034765086413,LOW,36.303902526300206
68.20862505780687,33.71043829212152,46.73084587199672,64.71946248695431,11,97.86198613066024,MEDIUM,48.014584326701886
145.05769518430034,93.66390748064542,30.50879652578309,85.10186953136419,9,28.14759329087449,MEDIUM,59.945381504283446
115.86048664799539,20.366744798283463,18.137265141940176,30.013421446179873,11,22.298677307017883,MEDIUM,48.433754177151755
137.64255940662613,60.74761631241826,71.37018902523455,52.222711361035465,7,66.3418810091608,MEDIUM,65.87289906517134
144.91801525660415,74.89364992000529,97.54041380315532,72.03460829042334,3,38.697683454648576,MEDIUM,66.67130868938106
46.03228388369224,15.29636835991886,7.692658204282855,27.231349137828076,11,22.0014284662444,LOW,25.464654961148636
167.04316373584064,63.80704298855832,75.34230870392204,27.963882427268153,7,64.10090054942884,HIGH,76.84647998062563
84.45823249646334,83.43110939167848,93.05838444316834,93.13363293447918,2,78.30867045000119,MEDIUM,55.4581674240906
118.63232037490798,16.077458297624805,12.104245751598189,46.94188066266251,3,81.38785367864409,MEDIUM,39.918227800915545
10.39249133974614,56.101867399596436,15.466154285082649,25.45431349852059,3,23.996134091104516,MEDIUM,39.147247685953374
178.87264472990026,33.2701460333866,70.73592435272232,38.174429968428015,10,60.1180361145948,MEDIUM,64.23720409256855
57.75238561390637,69.66320063832288,66.55652071009989,43.77697260260368,1,83.23105336133146,MEDIUM,59.80445827673425
20.550728111826388,20.680963037096042,11.538604455043341,62.9622468849688,8,24.49783102817667,LOW,30.540603499712827
87.90454706120737,94.33462876034562,84.27016145435987,88.45624601905897,6,28.69140265936074,MEDIUM,62.158800118486376
31.935109720947096,90.52557235432586,54.725265545264776,93.86015645337774,0,10.217025768850986,LOW,33.07433500909643
35.89554072678787,26.737697788813826,91.1837504669782,65.39439450744456,7,57.21707407557593,LOW,30.507618874325097
117.48807821513573,39.09392959285941,88.40913369430692,69.49340066780661,9,27.52135271757558,MEDIUM,60.01909420343102
76.79765656693965,62.887147718773875,82.18823805976575,37.35547942421007,8,75.18183181542092,MEDIUM,62.31948198164573
166.71491652634916,74.62561029708255,54.01039514322002,82.85848061314367,6,96.59924700558452,MEDIUM,63.04989878437468
64.25660408337191,49.83904136442324,28.912510966196063,28.512858493726764,4,28.787994009916325,MEDIUM,48.99971325544467
133.45062182526317,24.066218976487754,53.06767287155759,19.042355191432243,1,68.41873105871794,MEDIUM,49.310569593706525
88.38690312633429,19.373634442258442,14.577080891169107,92.72675915830033,0,29.065101531266023,LOW,21.801927388120333
122.1917211919774,99.97888032229095,67.59038410497548,83.45178752974525,4,11.62061730817336,MEDIUM,63.00642158431169
111.94821064171836,50.98169092991385,17.727835826755722,35.80983643574133,7,78.26987747931263,MEDIUM,48.00477693823582
90.3732753690297,88.52785742336484,53.56143143756869,67.38951089238918,0,49.060420898580354,MEDIUM,52.85289207227548
171.5103860861543,53.4138404166203,10.16628754584769,49.69656038012196,11,95.21081753631877,HIGH,69.1510590194
68.2613192683425,93.0121874691403,33.45368657609136,37.465897522365026,7,58.0857293929065,MEDIUM,59.2193697423375
40.130035212376335,17.898344449439556,27.047643763629843,34.375807914625064,3,24.173458207811557,LOW,35.492593470800436
125.2759903495708,20.261727220109584,63.902996557608695,21.56233284377705,11,50.47969976175501,MEDIUM,63.67105765597981
153.8212854223445,93.66689689518019,79.74473764213833,56.69203699344634,2,28.260261532541485,HIGH,69.81119506898219
16.84313578978704,95.27437405403064,10.443780681349983,47.96071865998816,11,89.0226345417917,MEDIUM,39.113791020283344
86.43755703185569,38.3245702718827,85.7769500897615,53.535845725495264,3,72.18128627987723,MEDIUM,45.95099424734527
161.72290724684547,41.964839829448465,86.77293102068742,28.305359235749382,4,40.71149241892332,HIGH,69.844714152082
137.43516521688747,50.720521135128216,37.51556205736216,89.78190701572605,5,57.50382905264264,MEDIUM,41.11517242909527
178.6073118045968,47.45455120605617,67.60538626718059,64.28025168809603,11,70.25321693917256,MEDIUM,66.50688385038949
100.34034797153144,27.1040694363637,43.2482380118277,86.46605587758363,3,80.45719449808827,MEDIUM,41.04119732459192
122.19927219619572,90.85378455454371,19.648133808014993,19.288049112784215,11,17.21324888834875,HIGH,73.159197242511
61.42164779344778,32.79768406350794,55.222929763495486,62.94233209777486,4,12.026695779572211,LOW,32.93126765816982
171.08105194321868,73.47451685298864,13.204169077651681,82.2042545847537,3,20.300742745290083,MEDIUM,49.3973941978012
72.27703305461117,16.04401099614756,88.45485476261885,38.12826628422967,7,45.54966791553067,MEDIUM,46.95322313120245
135.54682115672688,13.487619837558652,92.80752714391281,26.587169376558844,8,52.00359490738828,MEDIUM,61.54737115065024
78.53383470024393,68.83574253192285,83.05324801608334,32.52681099347767,4,22.281546719246354,MEDIUM,56.75119702886011
105.50921811070988,40.51142718159343,58.44017147181796,33.19936677373292,1,47.003782410964476,MEDIUM,55.66607926767132
132.36303095366287,68.99134534480012,57.97186615691822,48.01191201850049,4,49.74605077256474,MEDIUM,57.34651520472578
96.51880579773022,18.46190819519473,98.53770077708833,37.706906236243185,6,19.818096730973803,MEDIUM,51.01247745036656
164.20467557461646,95.4866241924277,28.550660533962375,33.05829618017926,0,92.49939641761607,HIGH,73.40715094554908
81.28116794772774,77.36630202037858,12.21509476099471,65.12354536443672,0,63.92313348289368,MEDIUM,42.18108522980529
120.00220568436528,88.86405097232193,58.38438774211188,14.507751592110179,11,44.96819774106539,HIGH,78.36594421515395
68.20161366100919,22.282349864005983,36.23463179195981,38.93092114187705,0,55.6216465124986,LOW,36.563947646377756
79.38663359927222,38.81448720035824,35.6221834167642,68.62891710494037,4,38.27777378219261,MEDIUM,42.00365658487565
84.80851839970391,43.15097477857097,5.673108646145064,24.947228688885502,9,86.88979284801337,MEDIUM,50.34686621584509
31.387193113088493,58.34553834941367,61.642743907053635,28.778868288097552,3,61.75135374116533,MEDIUM,49.37481481007903
25.593025440031138,36.718163695667286,30.083201716183336,27.056663160097983,5,54.54062329541891,LOW,34.03736532161522
123.47328693494885,15.45676679704646,22.846562078304693,10.078719072169418,1,91.97968627860378,MEDIUM,45.299222663484436
121.43801551831889,43.199054266372364,8.841033482335353,50.27025890568368,9,85.4181728410661,MEDIUM,57.34222605353437
122.6946514157162,32.90943831645539,39.61434976518307,13.31149710037047,7,83.15217022832644,MEDIUM,61.336406225375725
13.360295708257585,44.73291623168934,88.50204287671345,33.19988400086651,10,30.304828380865974,MEDIUM,42.01184594032041
65.51296325420259,27.726358835802362,36.98372672175037,94.55829109031758,10,23.78108003215211,LOW,33.02007409062322
43.627674034063475,33.57067371082619,69.5120499613614,88.06367796817548,4,72.10868677414729,LOW,24.53504039264714
142.2857418324821,66.42571063890419,76.8719615231812,28.281443693288406,0,52.17780307072563,MEDIUM,63.02829521454218
156.30716823734213,44.93384511202586,36.16957687306896,36.35020671268428,4,71.53414416611592,MEDIUM,63.845172322324814
51.93566412844505,41.08450538525429,83.05586982614392,49.41488949282687,1,78.45645089000047,MEDIUM,45.76148761322196
123.53435700415768,58.051506945013564,70.72856766836016,81.7751514660357,6,36.578215661027585,MEDIUM,54.791397480461335
31.991676587906657,79.46744867595332,58.128011726590394,78.22490501841274,1,35.61853898105278,LOW,25.884354283032586
56.775929352291264,44.09811607131615,5.094284084809747,20.730522108133982,11,54.174840963236534,MEDIUM,42.74517285665235
33.57126435968132,62.876754330025655,8.333622762666772,20.57815210960993,7,34.61943821738476,MEDIUM,43.923336384141216
58.198530321868965,96.95823628313586,99.13225519007602,45.4222415809938,3,70.05657484145796,MEDIUM,67.4939161608258
124.70521304937725,56.97821027062456,79.31697273283814,83.95810811717062,11,77.20574012926451,MEDIUM,66.52932396391586
164.7555747314929,91.881781886579,94.06869958342998,84.9772249231177,9,52.48350514479199,HIGH,74.28580927973486
44.42880934711162,81.43053618307843,90.7188044672126,19.126097223355067,5,75.14197890387788,MEDIUM,62.99320118937638
102.15343594162226,15.284681348513473,6.94208339856133,58.81526947707189,1,55.93938121636986,LOW,25.325705972736962
129.2364872113835,48.61889843223312,80.22549253015202,23.232391755634595,4,74.15845497703083,MEDIUM,64.23582918265174
171.99681964254617,72.84865670817294,47.858845681059684,68.32099135023654,7,30.24714230161528,MEDIUM,57.51630655516375
113.71028209081956,98.80407212033799,80.0080293800623,87.89682607395704,9,76.49587413397377,MEDIUM,59.375672204375086
53.36817827465472,51.25386620453613,5.637999495521589,48.65538986042546,3,74.36116211113159,LOW,32.45890695228526
116.33128667536917,18.35069087140655,32.37893361405361,17.06203584882438,8,33.994513634425985,MEDIUM,56.08438832470096
64.48349748526275,60.5808257241581,76.3757587001737,59.23660665103637,3,60.03738919361575,MEDIUM,49.01018050961378
175.9418264175903,21.390741291156427,80.33697491715103,44.72391696154765,2,86.97805010869614,MEDIUM,62.82801271547006
77.94494297781827,77.6367604251454,63.872887115389275,78.92639394838662,5,32.457038227519504,MEDIUM,48.05478559522413
126.52271252937241,55.69092977156001,33.61933799739506,38.929279433742956,1,76.23818056132087,MEDIUM,45.864514706793045
13.948688998948942,75.10882315395578,34.48444617234698,84.36626204017008,4,95.85700454321983,MEDIUM,43.90421125425239
78.01044584290841,88.24256441906714,96.8425765459931,33.26453464895671,4,87.96177277818084,MEDIUM,58.77731247437206
158.76829426482698,66.60532154464994,46.72515702724943,23.388999050538306,3,46.13680744122485,MEDIUM,63.11734101350001
113.7386655536518,65.11953963278634,47.47692727316452,36.05083207207929,9,64.64869596893246,MEDIUM,62.067681246682284
85.47029068731598,77.91132658956681,57.471611272866454,12.967842304933454,3,99.25931208274335,MEDIUM,66.51217146912713
169.1093749040734,85.82095013074006,43.90272200211693,33.90590718431051,8,61.15936702381466,HIGH,71.01486881173922
155.17734394502895,88.21484076493024,57.50379863675435,66.10999887997261,8,20.352484218732993,MEDIUM,57.725044399629084
64.7766645498995,13.278717611459498,46.071865162918,22.09405317731035,7,14.088767930088482,LOW,34.660930642443574
102.57322834702774,60.05712671180104,83.53791736220774,19.46602268685998,3,81.12830587696256,MEDIUM,61.39824361011876
93.27012353571867,29.464237881779628,91.35984688083697,21.252749756619785,9,48.12654928616615,MEDIUM,54.55837000779535
117.47442501952659,87.4311301703605,93.55047468245935,16.59189231222464,2,32.213160156627495,HIGH,76.55299857165821
66.79891538298845,68.3557916683025,58.60813955379172,84.34401000664987,3,41.29048275948523,LOW,38.226270682129694
51.514850130201005,47.820023112919436,47.004112959127056,90.2497848172049,10,78.1635579891807,MEDIUM,43.18757347845948
165.15421199344112,26.929380530921616,71.9978055852246,13.957697896946833,4,51.872260207044626,MEDIUM,64.39982683119084
167.05866491474606,40.51212633278438,84.64074117311112,74.60610143120093,8,88.16495432732889,HIGH,69.98117874599163
153.36489057953642,73.33999250862021,58.48331299630583,72.65789847096181,0,76.14330298999293,MEDIUM,60.49760291865533
176.2947532299754,28.39235906904749,71.49819707311482,94.73730109185344,7,97.66127354008826,MEDIUM,62.25926949462153
136.64855938254703,18.42246508045355,76.22428831851856,39.5690062462908,10,89.9653390110859,MEDIUM,59.970538406134935
139.99342885553995,89.92258824047958,69.25740878814224,34.26826429368538,8,32.90924906074082,HIGH,75.2159603986806
139.64031563364892,78.77893146221051,75.88268779428441,48.511980268835316,6,69.3153309522298,MEDIUM,63.05061445461401
91.7032972601921,27.981543759231933,24.821306592819845,82.8088900576812,10,11.848873107532949,LOW,21.896053308272748
87.59687306742619,36.308038908699245,52.345581967070764,71.93045961572139,3,99.19960519866385,MEDIUM,46.90666294722701
50.83846694533054,97.48631594177972,60.885512687483285,50.088024187237735,4,33.49054979223369,MEDIUM,57.22677346752531
119.61926304107938,73.73660380832057,5.235403431417192,30.78784167929922,0,69.83155842612257,MEDIUM,56.25268662843015
59.18442313739687,64.94698037924422,86.31643833729979,71.79633800781154,8,86.42382590796088,MEDIUM,53.06020145033551
53.82742964940025,37.68656368817173,62.95232830226665,82.63478378358667,8,24.44181964551743,MEDIUM,45.08385265846836
109.61343359632932,36.921262974987,17.267951511329308,43.995854640736724,9,86.30914085294313,MEDIUM,48.001208472041306
79.69700599825734,13.557125682120741,82.55392189470358,66.82976289478366,8,11.102109921174018,MEDIUM,42.18559498564508
47.20562349508747,75.56336802117383,73.12041181185174,44.01802180001084,1,49.77794242768667,MEDIUM,54.25015111735311
148.7295228479813,13.885770255119608,77.03845662904551,50.67194224202621,7,52.48338602780246,MEDIUM,63.4585516405366
156.2968862800439,10.437160399955113,42.24403387687634,54.61738229616766,9,43.66816419328623,MEDIUM,47.98239233142248
38.50891834522277,75.65455790748813,86.14923813602425,75.93669419189362,2,62.774627167044976,MEDIUM,45.41332323526752
11.276195575999978,95.39863814342128,44.33262030257441,93.08800865095914,5,92.33581138323689,LOW,36.96969805842943
67.14209464999354,78.08527429545794,59.198369529831176,47.77112382424975,10,39.42902028702602,MEDIUM,65.00381540719766
145.57684206572793,52.44761715619408,5.061018851488004,39.096775531046504,4,62.133389844978176,MEDIUM,55.247101919685974
152.65955725983517,53.74407246047857,66.26294589439692,41.75523555015326,9,88.97162731689906,HIGH,71.63922107399733
33.51594191972837,49.25227803841948,73.22670025215399,21.38057089689044,6,79.56958555912404,MEDIUM,67.58492954575581
141.6371032011187,39.217930039930025,58.87538972143527,35.239792714506436,7,13.665993832494639,MEDIUM,58.216913390456654
29.669708442603007,56.954279276725615,52.17308761914352,17.34803012784853,7,94.85116877148961,MEDIUM,46.004188427064726
76.31064032660997,48.803586142700354,81.94396500261229,46.37101237023601,7,14.198221383275147,MEDIUM,50.16217150821058
179.7636175520257,63.835109203669724,69.73040813069798,24.225367891439156,9,62.98826269368966,HIGH,72.3692753432546
42.74043994925467,90.8308072450985,31.41703377340218,39.444573407824734,10,61.78182582836483,MEDIUM,53.46423222217721
36.173809038196495,99.55084755914292,96.11196711759865,77.45410869828653,3,80.77512076320845,MEDIUM,55.74810223988878
81.87605653295489,17.08689608946254,72.19038344855737,30.903850300076563,11,23.35987466640799,MEDIUM,45.425979157376524
115.34364941487644,44.62151253952072,98.85419824668034,62.011042814075864,7,26.14333528564334,MEDIUM,50.14355137906951
168.59313301025304,26.26355761901285,97.26982504554249,86.60042063613209,7,77.68962394645244,MEDIUM,68.40630881254117
176.73959474061581,41.690842653298034,92.29642366695853,58.188980897511485,3,23.455427717046256,MEDIUM,63.76151515708409
21.838908220537085,35.87257166935807,76.76029641640422,26.472372085655078,5,52.25006143590756,MEDIUM,42.67602511804469
33.459577949143906,25.708341846410946,62.8957900072119,39.305126487106115,7,75.84832811898387,MEDIUM,45.74325038095534
144.42545556231894,78.76684480791614,21.356213049877802,60.18138261064561,4,68.6117735904413,MEDIUM,61.65444733475295
56.007465886046276,54.66598685463123,56.61838465525698,53.061946879587545,3,28.954376750178564,MEDIUM,44.33145044439638
160.4243401160813,92.73210239955031,77.71076962746109,22.63268608353682,9,37.3564232817477,HIGH,84.4726742107016
122.78705372894476,12.933319892231303,54.48143007702894,47.97768929869836,4,97.2077412916937,MEDIUM,49.80494624572787
29.01361640471512,16.028021181879094,87.48271719853749,56.16066906737111,7,50.38035581393955,MEDIUM,41.418777873903444
151.5299784370812,46.29462246373097,15.417310423211335,32.723280728893656,0,14.001172879274248,MEDIUM,52.419852467316566
39.9805846013729,17.224958836363342,41.189333064620236,62.057868803887416,0,29.76264095196994,LOW,26.15896663233563
81.99421709554115,33.645663677335016,53.06661976639744,15.963608456242838,10,40.81915806956539,MEDIUM,51.47725713804098
103.8714378550861,98.74267687689613,46.070903107565265,38.61159785306893,1,99.95404638651273,HIGH,73.7748531230636
95.1302453436473,28.806364673615267,15.315722043047543,78.36353078609383,9,37.242239272922674,LOW,33.97335001403015
126.64769565457557,27.830596727088164,19.5851879342399,32.03920807719321,10,12.375626390429048,MEDIUM,49.575445087123576
120.95674492777339,61.62766019161381,84.57364282127128,61.440032250261645,5,56.16294197998024,MEDIUM,63.1477152238581
178.64714093976934,54.81984617138411,51.016504624137845,44.85252566537652,10,17.524484647657935,MEDIUM,62.50910549437436
179.90172456811194,62.23944674825603,9.628630541509125,36.89911210529598,5,34.66608388261497,MEDIUM,56.249351439459964
97.79809844805897,43.9061750387692,6.5666696028767415,87.87119347235229,11,99.31448584845452,MEDIUM,42.146766804645495
26.183844783346878,84.40861239054523,49.980163189461024,39.1772460368326,2,73.4174667037139,MEDIUM,47.503842963311286
133.7333608246821,22.472249629821654,20.61597896282215,30.11745162639656,5,14.559996635458333,LOW,37.36531116096151
176.03289329682016,48.55533812573191,71.98696486992607,87.290611829423,4,50.38180467326164,MEDIUM,55.534920640367716
64.11548589693345,72.07856635996784,80.55572894013638,73.40527025454426,9,25.44737613659644,MEDIUM,54.14794287832724
88.40551059238754,88.14127962546097,26.688187303425032,67.95297566434678,0,21.065019076190914,MEDIUM,52.708699804314165
82.21207721862751,43.26144457210819,61.25680976376917,14.210470075684444,9,62.83588720139218,MEDIUM,60.47341472789427
18.74125627467799,61.09710391843775,19.67224113111167,21.152421660840943,0,55.50903006761941,LOW,25.291685449612814
124.28495330798562,16.222595050653535,33.84035190146677,64.25889692382134,3,76.85799258839575,MEDIUM,45.1865825361428
70.06740816163952,25.328717930064606,89.43557194723617,27.801791104732118,7,90.30756054086737,MEDIUM,51.804208222020186
143.86885868735538,16.222434621950303,56.689318690819526,29.179228778580523,1,32.20136716884957,MEDIUM,51.545728258162576
151.46041279793764,75.50928027986697,89.15942603869901,76.22677380420691,5,93.06927879898574,HIGH,70.37380568837519
149.60923372163373,35.92539718499266,26.39854139705316,34.30362065114012,11,56.61925952986859,MEDIUM,57.05735763912799
80.83321966677963,75.1370761172654,36.35231260862327,16.08492068291286,9,33.29514263666054,MEDIUM,58.30446745856909
64.66276598095291,15.97584511389471,49.74045315339762,13.096715521338194,0,86.12072542923484,MEDIUM,42.33391068973601
137.29953254339932,87.6293020367493,50.60760714348157,47.67012891584946,7,13.197692622612024,HIGH,71.4167588440452
146.2362037532629,85.19771782999825,99.77655688245154,62.45592910319491,7,60.355843972566454,HIGH,74.60299371421661
93.51376588653224,18.00358687452544,15.872305302257358,83.85524483830325,0,74.945938152697,LOW,35.07404699396562
161.8152733211715,12.138085581146786,85.93667838215113,19.41837357777434,7,35.19799184405289,MEDIUM,66.1317765055819
34.464478333354904,15.065993168379206,87.04979374507766,26.717190234505185,6,87.71427258068961,MEDIUM,48.94175614816307
159.44169254202322,86.82671558320605,57.5538699960898,55.03305192713504,8,31.625610702218637,MEDIUM,60.956551757000184
26.336189605219815,31.12331401467062,37.68353098461961,40.94921079056788,3,85.58868544585653,MEDIUM,41.63900629197546
36.099338749284364,59.34459860723698,54.32647990738814,51.01568335586705,3,17.069046744921152,LOW,37.85679518136103
100.75280225657326,48.36197828620511,32.784431956623564,88.55059516365831,8,24.393483268158818,MEDIUM,45.14427719707161
21.478141631860552,81.59729736057419,80.91520760179425,56.31579057849841,8,44.28861255117173,MEDIUM,47.57071047987497
18.97720723801876,54.000847132360356,52.33652007748136,45.28525190202645,1,86.86499615183614,LOW,35.16549191916297
10.088186508169938,55.05947565951427,92.9550069933578,94.10239206947831,2,23.01268286141042,MEDIUM,44.15080692532693
84.17383214802473,99.01827455499121,64.15567771382416,15.543331941460586,7,88.78944158148174,MEDIUM,68.14352544352431
141.68605981967906,23.511660107433137,53.86033664589492,89.22964311154962,9,30.675837395151436,MEDIUM,51.65633515217625
15.922519547585663,84.76335448713382,72.55158862787697,52.64125657556606,2,50.72575587350759,MEDIUM,48.7483650926876
120.88379309919542,14.657477104349631,52.87363162087225,52.81928871020674,2,41.7460963834304,MEDIUM,40.378053858880115
149.9316439607517,52.98838926156737,90.92810328984748,88.36696840727278,9,20.63136039530712,MEDIUM,59.5729899006901
38.56014425823809,89.77013415397212,22.522366284249923,53.12253826541091,8,94.98787655672261,MEDIUM,45.757418635457576
34.96683491963872,69.86925690437091,97.46812495586104,47.26460269506265,10,49.43604616769921,MEDIUM,57.297681487802734
156.33616551549113,71.66931574295197,82.15810242586325,33.16153032996192,9,72.1298135220575,HIGH,71.56388881069068
149.9311836915161,33.6985554030837,86.76966937716261,65.99942517948077,11,61.7740908997628,MEDIUM,60.53559710987187
101.62010026491177,47.67173122253088,50.87624407525176,58.41983273327973,2,55.15443251669866,MEDIUM,52.32615941460212
149.26397947997665,42.99229571491455,84.53414718707175,28.21936214056156,3,65.49198612011641,MEDIUM,66.65834873056437
25.76853316216411,56.92988891421948,34.14353793983449,70.30009778021261,2,90.8508075582186,LOW,29.5032480720072
77.06185804958825,51.60051371293013,77.38507696359665,64.74738287361444,0,72.93811381246985,MEDIUM,52.57392792963486
135.4255845380834,39.420851668929046,18.34276504695715,43.77338015755597,9,57.9232071509699,MEDIUM,52.69850994278083
53.76683308507377,37.49325511340531,34.169932016438324,10.374078361801798,7,68.06673645993787,MEDIUM,44.64675456726925
137.89591545370396,32.576760248960994,47.34460301917462,47.959397764975954,1,64.57548524581193,MEDIUM,54.29629722684391
95.71036274643835,42.85425221962826,35.62037322362508,10.514939956071396,2,48.98090867376818,MEDIUM,49.50275863203119
137.54521795119962,23.49473301406546,41.76662598429744,16.374871590418387,2,66.22876091174052,MEDIUM,47.371474155960975
88.99553843574603,88.48938718032164,82.90995075445132,46.6018417108709,4,49.921282014774725,HIGH,73.18039279251185
72.54373783770899,64.19074526500846,29.38420975350592,16.963190155752855,5,78.18529400847211,MEDIUM,54.41832976710512
47.26216680136749,22.04077830344699,75.80171135468436,33.43156187190913,3,97.2021235170057,MEDIUM,44.74798737226028
45.42448804395255,72.44734007881013,12.002646565606925,65.71676632751232,11,96.38788217475063,MEDIUM,45.35008711305098
137.75343779713734,86.28998211981758,77.74521521393078,36.23230412180062,2,83.86622077824825,HIGH,78.82003666714695
30.214759165773284,31.3782104847033,80.24220806882843,94.80013050032838,6,64.15830073535366,LOW,32.55577042511992
24.616999518860673,23.554053490353752,43.16138367273579,87.88567288277339,5,77.43987892636665,LOW,20.22880138019617
39.96953205376212,10.775553142037685,73.63539320090969,59.75134188976951,4,26.024346573179894,LOW,28.265992386397333
39.80890694716672,14.25253049708366,91.93814835578442,92.19050678396908,9,53.11166115825303,MEDIUM,42.37689721277059
149.92829587717296,78.60262134731605,81.06773248768005,83.78147002676438,11,33.15742884922279,HIGH,71.8522901607082
77.74612599061611,98.84676988375244,42.092418487711186,37.106374101441396,0,10.314548299841238,MEDIUM,52.72146407202169
178.36603775128202,14.039229022864895,51.00028385660612,73.7156809087513,5,97.00638172048684,MEDIUM,60.590368969239954
33.325913824404104,77.32638631719034,79.03896675465151,21.630701640335523,1,87.74637056666572,MEDIUM,60.9418935273581
121.10177036791937,16.467594925686406,32.79648603566674,68.18687107219299,5,56.23287566229342,MEDIUM,39.11871924890908
86.2840162242126,63.29195424133001,81.36886032934298,51.74195525203934,7,32.873705930710614,MEDIUM,55.97290967195109
76.79609003850257,78.0467754185414,36.16675854328941,11.430204836490102,4,72.3677689179313,MEDIUM,61.09163279332697
158.764313839194,42.32839575409639,81.56910532662612,33.309534903181515,3,49.13209760949348,MEDIUM,59.889410342594736
175.85125979082792,10.984124899959737,13.246042118318718,91.20748847936113,3,82.30145800804294,MEDIUM,41.256530744037526
158.3860229916104,63.56704169128833,9.217743206506062,36.84567623252086,3,99.95662991628545,MEDIUM,62.76829180377056
42.69111543597262,99.2120165326025,99.77916750013311,25.42362870062246,3,41.417434674088305,MEDIUM,55.98212123735259
47.535646605518785,33.185568055464614,87.59842670729546,25.94017295863771,4,31.996273913024297,MEDIUM,45.57182657134833
121.53255944616076,27.054214946849424,88.87051282928937,50.733127494565665,8,34.064423991528244,MEDIUM,53.63862563301942
59.14420887849259,21.153330347816347,95.37159502262867,81.62518545699547,1,18.401162111260476,MEDIUM,39.638489184598406
134.90327223269858,59.97300579100505,46.64004939437635,74.43015003633445,0,45.46415768501399,MEDIUM,41.1969738256887
